<?xml version="1.0" encoding="UTF-8"?>
<Root xmlns:xsi="http://www.w3.org/2001/XMLSchema-instance" xsi:noNamespaceSchemaLocation="SCHVerif.xsd">
<Device>
		<DeviceID>0x500</DeviceID>
		<Vendor>STMicroelectronics</Vendor>
		<Type>MPU</Type>
		<CPU>Cortex-A7</CPU>
		<Name>STM32MP15xx</Name>
		<Series>STM32MP</Series>
		<Description>ARM 32-bit Cortex-A7 and ARM 32-bit Cortex-M4  dualprocessor based device, CPU clock up to 600MHz</Description>
		<!-- Gonfigurations' List -->
		<Configurations>
			<!-- Bootloader Interface -->
			<Interface name="Bootloader">
				<Configuration number="0x0">
					<MultiCore> 
						<ReadRegister address="0x0" mask="0x0" value="0x4"/>
					</MultiCore>
				</Configuration>
			</Interface>
		</Configurations>
		<!-- Peripherals -->
		<Peripherals>
			<Peripheral>
				<Name>Embedded SRAM</Name>
				<Type>Storage</Type>
				<Description/>
				<ErasedValue>0xFF</ErasedValue>
				<Access>RWE</Access>
				<!-- dummy -->
				<Configuration>
					<Parameters address="0x10000000" name="SRAM" size="0x20000"/>
					<Description/>
					<Organization>Single</Organization>
					<Bank>
						<Field>
							<Parameters address="0x10000000" name="SRAM" occurrence="0x1" size="0x20000"/>
						</Field>
					</Bank>
				</Configuration>
			</Peripheral>
			<Peripheral>
				<Name>OTP Memory</Name>
				<Type>Configuration</Type>
				<Description/>
				<Access>RW</Access>
				<Bank>
					<Parameters address="0x0" name="Bank 1" size="0x400"/>
					<Category>
						<Name>Struct version</Name>
						<Field>
							<Parameters address="0x0" name="STRUCT VERSION" size="0x4"/>
							<AssignedBits>
								<Bit>
									<Name>version</Name>
									<Description>Structure version</Description>
									<BitOffset>0x0</BitOffset>
									<BitWidth>0x20</BitWidth>
									<Access>R</Access>
								</Bit>
							</AssignedBits>
						</Field>
					</Category>
					<Category>
						<Name>Global</Name>
						<Field>
							<Parameters address="0x4" name="GLOBAL STATE" size="0x4"/>
							<AssignedBits>
								<Bit>
									<Name>Status</Name>
									<Description>Structure global state</Description>
									<BitOffset>0x0</BitOffset>
									<BitWidth>0x20</BitWidth>
									<Access>R</Access>
								</Bit>
							</AssignedBits>
						</Field>
					</Category>
					<Category>
						<Name>OTP0</Name>
							<Field>
								<Parameters address="0x8" name="CFG0" size="0x8"/>
								<AssignedBits>
									<Bit>
										<Name>Data0</Name>
										<Description>Data</Description>
										<BitOffset>0x0</BitOffset> <!--  -->
										<BitWidth>0x20</BitWidth>
										<Access>RW</Access>
									</Bit>
									<Bit>
										<Name>Status0</Name>
										<Description>Status</Description>
										<BitOffset>0x4</BitOffset> <!--  -->
										<BitWidth>0x20</BitWidth>
										<Access>R</Access>
									</Bit>
								</AssignedBits>
							</Field>
					</Category>
						<Category>
						<Name>OTP1</Name>
							<Field>
								<Parameters address="0x10" name="CFG1" size="0x8"/>
								<AssignedBits>
									<Bit>
										<Name>Data1</Name>
										<Description>Data</Description>
										<BitOffset>0x0</BitOffset> <!--  -->
										<BitWidth>0x20</BitWidth>
										<Access>RW</Access>
									</Bit>
									<Bit>
										<Name>Status1</Name>
										<Description>Status</Description>
										<BitOffset>0x4</BitOffset> <!--  -->
										<BitWidth>0x20</BitWidth>
										<Access>R</Access>
									</Bit>	
									<Bit>
										<Name>RPN</Name>
										<Description>RPN Coding</Description>
										<BitOffset>0x0</BitOffset> <!--  -->
										<BitWidth>0xC</BitWidth>
										<Access>R</Access>
									</Bit>	
								</AssignedBits>
							</Field>
						</Category>
						<Category>
						<Name>OTP2</Name>
						<Field>
							<Parameters address="0x18" name="CFG2" size="0x8"/>
							<AssignedBits>
									<Bit>
										<Name>Data2</Name>
										<Description>Data</Description>
										<BitOffset>0x0</BitOffset> <!--  -->
										<BitWidth>0x20</BitWidth>
										<Access>RW</Access>
									</Bit>
								<Bit>
									<Name>Status2</Name>
									<Description>Status</Description>
									<BitOffset>0x4</BitOffset> <!--  -->
									<BitWidth>0x20</BitWidth>
									<Access>R</Access>
								</Bit>
							</AssignedBits>
						</Field>
						</Category>
						<Category>
						<Name>OTP3</Name>
						<Field>
							<Parameters address="0x20" name="CFG3" size="0x8"/>
							<AssignedBits>
								<Bit>
										<Name>Data3</Name>
										<Description>Data</Description>
										<BitOffset>0x0</BitOffset> <!--  -->
										<BitWidth>0x20</BitWidth>
										<Access>RW</Access>
									</Bit>
								<Bit>
									<Name>Status3</Name>
									<Description>Status</Description>
									<BitOffset>0x4</BitOffset> <!--  -->
									<BitWidth>0x20</BitWidth>
									<Access>R</Access>
								</Bit>
									<Bit>
										<Name>qspi_not_default_af</Name>
										<Description>0:QSPI uses default hard coded AFmux 1:QSPI no default AFmux</Description>
										<BitOffset>0x0</BitOffset>
										<BitWidth>0x1</BitWidth>
										<Access>RW</Access>
									</Bit>
									<Bit>
										<Name>emmc_if_id</Name>
										<Description>0:Source is default SDMMC2  1:SDMMC1 2: SDMMC2</Description>
										<BitOffset>0x1</BitOffset>
										<BitWidth>0x2</BitWidth>
										<Access>RW</Access>
									</Bit>
									<Bit>
										<Name>sd_if_id</Name>
										<Description>0:Source is default SDMMC1 1:SDMMC1 2:SDMMC2</Description>
										<BitOffset>0x4</BitOffset>
										<BitWidth>0x2</BitWidth>
										<Access>RW</Access>
									</Bit>
									<Bit>
										<Name>no_cpu_pll</Name>
										<Description>0:PLLs for CPU/AXI are enable 1:PLLs for CPU/AXI are disable</Description>
										<BitOffset>0x5</BitOffset>
										<BitWidth>0x1</BitWidth>
										<Access>RW</Access>
									</Bit>
									<Bit>
										<Name>no_usb_dp_pullup</Name>
										<Description>0:USB DP pull-up is set  1: USB DP pull-up is not set</Description>
										<BitOffset>0x6</BitOffset>
										<BitWidth>0x1</BitWidth>
										<Access>RW</Access>
									</Bit>
									<Bit>
										<Name>uart_instances_disabled</Name>
										<Description>Disable instance 0x1: Reserved 0x2: USART2 0x4: USART3 0x8: USART4 0x10: USART5 0x20: USART6 0x40: USART7 0x80: USART8 </Description>
										<BitOffset>0x7</BitOffset>
										<BitWidth>0x8</BitWidth>
										<Access>RW</Access>
									</Bit>
									<Bit>
										<Name>no_data_cache</Name>
										<Description>0:Data cache is used by bootrom 1:Data cache is not used by bootrom </Description>
										<BitOffset>0xF</BitOffset>
										<BitWidth>0x1</BitWidth>
										<Access>RW</Access>
									</Bit>
									<Bit>
										<Name>boot_source_disable</Name>
										<Description>Disable boot source 0x1: FMC 0x2: QSPI NOR 0x4: eMMC 0x8: SD 0x10: UART 0x20: USB 0x40: QSPI NAND </Description>
										<BitOffset>0x17</BitOffset>
										<BitWidth>0x8</BitWidth>
										<Access>RW</Access>
									</Bit>
									<Bit>
										<Name>second_boot_source</Name>
										<Description>0:NOT defined 1:FMC NAND 2:QSPI NOR 3:eMMC 4:SD 5:QSPI NAND</Description>
										<BitOffset>0x18</BitOffset>
										<BitWidth>0x3</BitWidth>
										<Access>RW</Access>
									</Bit>
									<Bit>
										<Name>primary_boot_source</Name>
										<Description>0:NOT defined 1:FMC NAND 2:QSPI NOR 3:eMMC 4:SD 5:QSPI NAND</Description>
										<BitOffset>0x1B</BitOffset>
										<BitWidth>0x3</BitWidth>
										<Access>RW</Access>
									</Bit>
									<Bit>
										<Name>HSE value</Name>
										<Description>0: HSE is autodetected 1: 24 MHz 2: 25 MHz 3: 26 MHz</Description>
										<BitOffset>0x1E</BitOffset>
										<BitWidth>0x2</BitWidth>
										<Access>RW</Access>
									</Bit>
							</AssignedBits>
						</Field>
						</Category>
						<Category>
						<Name>OTP4</Name>
						<Field>
							<Parameters address="0x28" name="CFG4" size="0x8"/>
							<AssignedBits>
								<Bit>
										<Name>Data4</Name>
										<Description>Data</Description>
										<BitOffset>0x0</BitOffset> <!--  -->
										<BitWidth>0x20</BitWidth>
										<Access>RW</Access>
									</Bit>
								<Bit>
									<Name>Status4</Name>
									<Description>Status</Description>
									<BitOffset>0x4</BitOffset> <!--  -->
									<BitWidth>0x20</BitWidth>
									<Access>R</Access>
								</Bit>
							</AssignedBits>
						</Field>
						</Category>
						<Category>
						<Name>OTP5</Name>
						<Field>
							<Parameters address="0x30" name="CFG5" size="0x8"/>
							<AssignedBits>
								<Bit>
										<Name>Data5</Name>
										<Description>Data</Description>
										<BitOffset>0x0</BitOffset> <!--  -->
										<BitWidth>0x20</BitWidth>
										<Access>RW</Access>
									</Bit>
								<Bit>
									<Name>Status5</Name>
									<Description>Status</Description>
									<BitOffset>0x4</BitOffset> <!--  -->
									<BitWidth>0x20</BitWidth>
									<Access>R</Access>
								</Bit>
								<Bit>
									<Name>mode0</Name>
									<Description></Description>
									<BitOffset>0x0</BitOffset> <!--  -->
									<BitWidth>0x4</BitWidth>
									<Access>RW</Access>
								</Bit>
								<Bit>
									<Name>afmux0</Name>
									<Description>AF mux value between 0 and 15</Description>
									<BitOffset>0x4</BitOffset> <!--  -->
									<BitWidth>0x4</BitWidth>
									<Access>RW</Access>
								</Bit>
								<Bit>
									<Name>pin0</Name>
									<Description>pin id between 0 and 15 for GPIOA to GPIOJ and between 0 and 7 for GPIOK and GPIOZ</Description>
									<BitOffset>0x8</BitOffset> <!--  -->
									<BitWidth>0x4</BitWidth>
									<Access>RW</Access>
								</Bit>
								<Bit>
									<Name>port0</Name>
									<Description>0: Unused 1: Bank A 2: Bank B 3: Bank C 4: Bank D 5: Bank E 6: Bank F 7: Bank G 8: Bank H 9: Bank I 10-15: Unused</Description>
									<BitOffset>0xC</BitOffset> <!--  -->
									<BitWidth>0x4</BitWidth>
									<Access>RW</Access>
								</Bit>
								<Bit>
									<Name>mode1</Name>
									<Description>idem CFG5 mode0</Description>
									<BitOffset>0x10</BitOffset> <!--  -->
									<BitWidth>0x4</BitWidth>
									<Access>RW</Access>
								</Bit>
								<Bit>
									<Name>afmux1</Name>
									<Description>idem CFG5 afmux0</Description>
									<BitOffset>0x14</BitOffset> <!--  -->
									<BitWidth>0x4</BitWidth>
									<Access>RW</Access>
								</Bit>
									<Bit>
									<Name>pin1</Name>
									<Description>idem CFG5 pin0</Description>
									<BitOffset>0x18</BitOffset> <!--  -->
									<BitWidth>0x4</BitWidth>
									<Access>RW</Access>
								</Bit>
								<Bit>
									<Name>port1</Name>
									<Description>idem CFG5 port0</Description>
									<BitOffset>0x1C</BitOffset> <!--  -->
									<BitWidth>0x4</BitWidth>
									<Access>RW</Access>
								</Bit>
							</AssignedBits>
						</Field>
						</Category>
						<Category>
						<Name>OTP6</Name>
						<Field>
							<Parameters address="0x38" name="CFG6" size="0x8"/>
							<AssignedBits>
								<Bit>
										<Name>Data6</Name>
										<Description>Data</Description>
										<BitOffset>0x0</BitOffset> <!--  -->
										<BitWidth>0x20</BitWidth>
										<Access>RW</Access>
									</Bit>
								<Bit>
									<Name>Status6</Name>
									<Description>Status</Description>
									<BitOffset>0x4</BitOffset> <!--  -->
									<BitWidth>0x20</BitWidth>
									<Access>R</Access>
								</Bit>
								<Bit>
									<Name>mode2</Name>
									<Description>idem CFG5 port0</Description>
									<BitOffset>0x0</BitOffset> <!--  -->
									<BitWidth>0x4</BitWidth>
									<Access>RW</Access>
								</Bit>
								<Bit>
									<Name>afmux2</Name>
									<Description>idem CFG5 port0</Description>
									<BitOffset>0x4</BitOffset> <!--  -->
									<BitWidth>0x4</BitWidth>
									<Access>RW</Access>
								</Bit>
								<Bit>
									<Name>pin2</Name>
									<Description>idem CFG5 port0</Description>
									<BitOffset>0x8</BitOffset> <!--  -->
									<BitWidth>0x4</BitWidth>
									<Access>RW</Access>
								</Bit>								
								<Bit>
									<Name>port2</Name>
									<Description>idem CFG5 port0</Description>
									<BitOffset>0xC</BitOffset> <!--  -->
									<BitWidth>0x4</BitWidth>
									<Access>RW</Access>
								</Bit>								
								<Bit>
									<Name>mode3</Name>
									<Description>idem CFG5 port0</Description>
									<BitOffset>0x10</BitOffset> <!--  -->
									<BitWidth>0x4</BitWidth>
									<Access>RW</Access>
								</Bit>
								<Bit>
									<Name>afmux3</Name>
									<Description>idem CFG5 port0</Description>
									<BitOffset>0x14</BitOffset> <!--  -->
									<BitWidth>0x4</BitWidth>
									<Access>RW</Access>
								</Bit>
								<Bit>
									<Name>pin3</Name>
									<Description>idem CFG5 port0</Description>
									<BitOffset>0x18</BitOffset> <!--  -->
									<BitWidth>0x4</BitWidth>
									<Access>RW</Access>
								</Bit>
								<Bit>
									<Name>port3</Name>
									<Description>idem CFG5 port0</Description>
									<BitOffset>0x1C</BitOffset> <!--  -->
									<BitWidth>0x4</BitWidth>
									<Access>RW</Access>
								</Bit>
							</AssignedBits>
						</Field>
						</Category>
						<Category>
						<Name>OTP7</Name>
						<Field>
							<Parameters address="0x40" name="CFG7" size="0x8"/>
							<AssignedBits>
								<Bit>
										<Name>Data7</Name>
										<Description>Data</Description>
										<BitOffset>0x0</BitOffset> <!--  -->
										<BitWidth>0x20</BitWidth>
										<Access>RW</Access>
									</Bit>
								<Bit>
									<Name>Status7</Name>
									<Description>Status</Description>
									<BitOffset>0x4</BitOffset> <!--  -->
									<BitWidth>0x20</BitWidth>
									<Access>R</Access>
								</Bit>
								<Bit>
									<Name>mode4</Name>
									<Description>idem CFG5 port0</Description>
									<BitOffset>0x0</BitOffset> <!--  -->
									<BitWidth>0x4</BitWidth>
									<Access>RW</Access>
								</Bit>
								<Bit>
									<Name>afmux4</Name>
									<Description>idem CFG5 port0</Description>
									<BitOffset>0x4</BitOffset> <!--  -->
									<BitWidth>0x4</BitWidth>
									<Access>RW</Access>
								</Bit>
								<Bit>
									<Name>pin4</Name>
									<Description>idem CFG5 port0</Description>
									<BitOffset>0x8</BitOffset> <!--  -->
									<BitWidth>0x4</BitWidth>
									<Access>RW</Access>
								</Bit>								
								<Bit>
									<Name>port4</Name>
									<Description>idem CFG5 port0</Description>
									<BitOffset>0xC</BitOffset> <!--  -->
									<BitWidth>0x4</BitWidth>
									<Access>RW</Access>
								</Bit>								
								<Bit>
									<Name>mode5</Name>
									<Description>idem CFG5 port0</Description>
									<BitOffset>0x10</BitOffset> <!--  -->
									<BitWidth>0x4</BitWidth>
									<Access>RW</Access>
								</Bit>
								<Bit>
									<Name>afmux5</Name>
									<Description>idem CFG5 port0</Description>
									<BitOffset>0x14</BitOffset> <!--  -->
									<BitWidth>0x4</BitWidth>
									<Access>RW</Access>
								</Bit>
								<Bit>
									<Name>pin5</Name>
									<Description>idem CFG5 port0</Description>
									<BitOffset>0x18</BitOffset> <!--  -->
									<BitWidth>0x4</BitWidth>
									<Access>RW</Access>
								</Bit>
								<Bit>
									<Name>port5</Name>
									<Description>idem CFG5 port0</Description>
									<BitOffset>0x1C</BitOffset> <!--  -->
									<BitWidth>0x4</BitWidth>
									<Access>RW</Access>
								</Bit>
							</AssignedBits>
						</Field>
						</Category>
						<Category>
						<Name>OTP8</Name>
						<Field>
							<Parameters address="0x48" name="CFG8" size="0x8"/>
							<AssignedBits>
									<Bit>
										<Name>Data8</Name>
										<Description>Data</Description>
										<BitOffset>0x0</BitOffset> <!--  -->
										<BitWidth>0x20</BitWidth>
										<Access>RW</Access>
									</Bit>
								<Bit>
									<Name>Status8</Name>
									<Description>Status</Description>
									<BitOffset>0x4</BitOffset> <!--  -->
									<BitWidth>0x20</BitWidth>
									<Access>R</Access>
								</Bit>
							</AssignedBits>
						</Field>
						</Category>
						<Category>
						<Name>OTP9</Name>
						<Field>
							<Parameters address="0x50" name="CFG9" size="0x8"/>
							<AssignedBits>
									<Bit>
										<Name>Data9</Name>
										<Description>Data</Description>
										<BitOffset>0x0</BitOffset> <!--  -->
										<BitWidth>0x20</BitWidth>
										<Access>RW</Access>
									</Bit>
								<Bit>
									<Name>Status9</Name>
									<Description>Status</Description>
									<BitOffset>0x4</BitOffset> <!--  -->
									<BitWidth>0x20</BitWidth>
									<Access>R</Access>
								</Bit>
								<Bit>
									<Name>boot_traces_disabled</Name>
									<Description>0: No 1: Yes</Description>
									<BitOffset>0x0</BitOffset> <!--  -->
									<BitWidth>0x1</BitWidth>
									<Access>RW</Access>
								</Bit>
								<Bit>
									<Name>hse_frequency_autodetection_disable</Name>
									<Description>0: No 1: Yes</Description>
									<BitOffset>0x1</BitOffset> <!--  -->
									<BitWidth>0x1</BitWidth>
									<Access>RW</Access>
								</Bit>
								<Bit>
									<Name>hse_bypass_detection_disable</Name>
									<Description>0: No 1: Yes</Description>
									<BitOffset>0x2</BitOffset> <!--  -->
									<BitWidth>0x1</BitWidth>
									<Access>RW</Access>
								</Bit>
								<Bit>
									<Name>emmc_128k_boot_partition</Name>
									<Description>0: No 1: Yes</Description>
									<BitOffset>0x4</BitOffset> <!--  -->
									<BitWidth>0x1</BitWidth>
									<Access>RW</Access>
								</Bit>
								<Bit>
									<Name>ssp_req</Name>
									<Description></Description>
									<BitOffset>0x5</BitOffset> <!--  -->
									<BitWidth>0x1</BitWidth>
									<Access>RW</Access>
								</Bit>
								<Bit>
									<Name>ssp_success</Name>
									<Description></Description>
									<BitOffset>0x6</BitOffset> <!--  -->
									<BitWidth>0x1</BitWidth>
									<Access>RW</Access>
								</Bit>
								<Bit>
									<Name>fsbl_decrypt_prio</Name>
									<Description>0: Use CRYP 1: Use SAES</Description>
									<BitOffset>0x7</BitOffset> <!--  -->
									<BitWidth>0x1</BitWidth>
									<Access>RW</Access>
								</Bit>
								<Bit>
									<Name>spinand_need_plane_select</Name>
									<Description>0:SPI NAND plane select not need 1:SPI NAND plane select is needed</Description>
									<BitOffset>0xE</BitOffset> <!--  -->
									<BitWidth>0x1</BitWidth>
									<Access>RW</Access>
								</Bit>
								<Bit>
									<Name>nand_number_of_ecc_bits</Name>
									<Description></Description>
									<BitOffset>0xF</BitOffset> <!--  -->
									<BitWidth>0x3</BitWidth>
									<Access>RW</Access>
								</Bit>
								<Bit>
									<Name>nand_bus_width</Name>
									<Description>0:8 bit 1:16 bit</Description>
									<BitOffset>0x12</BitOffset> <!--  -->
									<BitWidth>0x1</BitWidth>
									<Access>RW</Access>
								</Bit>
								<Bit>
									<Name>nand_nb_of_blocks</Name>
									<Description>Number of blocks in unit of 256 blocks</Description>
									<BitOffset>0x13</BitOffset> <!--  -->
									<BitWidth>0x8</BitWidth>
									<Access>RW</Access>
								</Bit>
								<Bit>
									<Name>nand_block_size</Name>
									<Description>0:64 pages per block 1:128 pages per block 2:256 pages per block</Description>
									<BitOffset>0x1B</BitOffset> <!--  -->
									<BitWidth>0x2</BitWidth>
									<Access>RW</Access>
								</Bit>
								<Bit>
									<Name>nand_page_size</Name>
									<Description>0:2 Kbytes 1:4 Kbytes 2:8 Kbytes</Description>
									<BitOffset>0x1D</BitOffset> <!--  -->
									<BitWidth>0x2</BitWidth>
									<Access>RW</Access>
								</Bit>
								<Bit>
									<Name>nand_param_stored_in_otp</Name>
									<Description>0:No 1:Nand parameters bits 15 to 30 are used</Description>
									<BitOffset>0x1F</BitOffset> <!--  -->
									<BitWidth>0x1</BitWidth>
									<Access>RW</Access>
								</Bit>
							</AssignedBits>
						</Field>
						</Category>
						<Category>
						<Name>OTP10</Name>
						<Field>
							<Parameters address="0x58" name="CFG10" size="0x8"/>
							<AssignedBits>
																<Bit>
										<Name>Data10</Name>
										<Description>Data</Description>
										<BitOffset>0x0</BitOffset> <!--  -->
										<BitWidth>0x20</BitWidth>
										<Access>RW</Access>
									</Bit>
								<Bit>
									<Name>Status10</Name>
									<Description>Status</Description>
									<BitOffset>0x4</BitOffset> <!--  -->
									<BitWidth>0x20</BitWidth>
									<Access>R</Access>
								</Bit>
							</AssignedBits>
						</Field>
						</Category>
						<Category>
						<Name>OTP11</Name>
						<Field>
							<Parameters address="0x60" name="CFG11" size="0x8"/>
							<AssignedBits>
																<Bit>
										<Name>Data11</Name>
										<Description>Data</Description>
										<BitOffset>0x0</BitOffset> <!--  -->
										<BitWidth>0x20</BitWidth>
										<Access>RW</Access>
									</Bit>
								<Bit>
									<Name>Status11</Name>
									<Description>Status</Description>
									<BitOffset>0x4</BitOffset> <!--  -->
									<BitWidth>0x20</BitWidth>
									<Access>R</Access>
								</Bit>
							</AssignedBits>
						</Field>
						</Category>
						<Category>
						<Name>OTP12</Name>
						<Field>
							<Parameters address="0x68" name="CFG12" size="0x8"/>
							<AssignedBits>
																<Bit>
										<Name>Data12</Name>
										<Description>Data</Description>
										<BitOffset>0x0</BitOffset> <!--  -->
										<BitWidth>0x20</BitWidth>
										<Access>RW</Access>
									</Bit>
								<Bit>
									<Name>Status12</Name>
									<Description>Status</Description>
									<BitOffset>0x4</BitOffset> <!--  -->
									<BitWidth>0x20</BitWidth>
									<Access>R</Access>
								</Bit>
							</AssignedBits>
						</Field>
						</Category>
						<Category>
						<Name>OTP13</Name>
						<Field>
							<Parameters address="0x70" name="ID0" size="0x8"/>
							<AssignedBits>
																<Bit>
										<Name>Data13</Name>
										<Description>Data</Description>
										<BitOffset>0x0</BitOffset> <!--  -->
										<BitWidth>0x20</BitWidth>
										<Access>RW</Access>
									</Bit>
								<Bit>
									<Name>Status13</Name>
									<Description>Status</Description>
									<BitOffset>0x4</BitOffset> <!--  -->
									<BitWidth>0x20</BitWidth>
									<Access>R</Access>
								</Bit>
							</AssignedBits>
						</Field>
						</Category>
						<Category>
						<Name>OTP14</Name>
						<Field>
							<Parameters address="0x78" name="ID1" size="0x8"/>
							<AssignedBits>
																<Bit>
										<Name>Data14</Name>
										<Description>Data</Description>
										<BitOffset>0x0</BitOffset> <!--  -->
										<BitWidth>0x20</BitWidth>
										<Access>RW</Access>
									</Bit>
								<Bit>
									<Name>Status14</Name>
									<Description>Status</Description>
									<BitOffset>0x4</BitOffset> <!--  -->
									<BitWidth>0x20</BitWidth>
									<Access>R</Access>
								</Bit>
							</AssignedBits>
						</Field>
						</Category>
						<Category>
						<Name>OTP15</Name>
						<Field>
							<Parameters address="0x80" name="ID2" size="0x8"/>
							<AssignedBits>
																<Bit>
										<Name>Data15</Name>
										<Description>Data</Description>
										<BitOffset>0x0</BitOffset> <!--  -->
										<BitWidth>0x20</BitWidth>
										<Access>RW</Access>
									</Bit>
								<Bit>
									<Name>Status15</Name>
									<Description>Status</Description>
									<BitOffset>0x4</BitOffset> <!--  -->
									<BitWidth>0x20</BitWidth>
									<Access>R</Access>
								</Bit>
							</AssignedBits>
						</Field>
						</Category>
						<Category>
						<Name>OTP16</Name>
						<Field>
							<Parameters address="0x88" name="HW0" size="0x8"/>
							<AssignedBits>
								<Bit>
										<Name>Data16</Name>
										<Description>Data</Description>
										<BitOffset>0x0</BitOffset> <!--  -->
										<BitWidth>0x20</BitWidth>
										<Access>RW</Access>
									</Bit>
								<Bit>
									<Name>Status16</Name>
									<Description>Status</Description>
									<BitOffset>0x4</BitOffset> <!--  -->
									<BitWidth>0x20</BitWidth>
									<Access>R</Access>
								</Bit>
								<Bit>
									<Name>I/O compensation  trim</Name>
									<Description>Used for I/O calibration</Description>
									<BitOffset>0x6</BitOffset> <!--  -->
									<BitWidth>0x4</BitWidth>
									<Access>RW</Access>
								</Bit>
								<Bit>
									<Name>1V8 reference trim</Name>
									<Description>1V8 Regulator Trim</Description>
									<BitOffset>0xC</BitOffset> <!--  -->
									<BitWidth>0x4</BitWidth>
									<Access>RW</Access>
								</Bit>
								<Bit>
									<Name>LSI trim</Name>
									<Description></Description>
									<BitOffset>0x10</BitOffset> <!--  -->
									<BitWidth>0x6</BitWidth>
									<Access>RW</Access>
								</Bit>
								<Bit>
									<Name>1V1 reference trim</Name>
									<Description>1V1 Regulator Trim</Description>
									<BitOffset>0x16</BitOffset> <!--  -->
									<BitWidth>0x5</BitWidth>
									<Access>RW</Access>
								</Bit>
							</AssignedBits>
						</Field>
						</Category>
						<Category>
						<Name>OTP17</Name>
						<Field>
							<Parameters address="0x90" name="HW1" size="0x8"/>
							<AssignedBits>
								<Bit>
										<Name>Data17</Name>
										<Description>Data</Description>
										<BitOffset>0x0</BitOffset> <!--  -->
										<BitWidth>0x20</BitWidth>
										<Access>RW</Access>
									</Bit>
								<Bit>
									<Name>Status17</Name>
									<Description>Status</Description>
									<BitOffset>0x4</BitOffset> <!--  -->
									<BitWidth>0x20</BitWidth>
									<Access>R</Access>
								</Bit>
								<Bit>
									<Name>CSITRIM</Name>
									<Description>CSI Trim</Description>
									<BitOffset>0x0</BitOffset>
									<BitWidth>0x8</BitWidth>
									<Access>RW</Access>
								</Bit>
								<Bit>
									<Name>HSITRIM</Name>
									<Description>HSI Trim</Description>
									<BitOffset>0x8</BitOffset>
									<BitWidth>0xC</BitWidth>
									<Access>RW</Access>
								</Bit>
								<Bit>
									<Name>TEMPHTRIM</Name>
									<Description>High temperature threshold trimming</Description>
									<BitOffset>0x14</BitOffset>
									<BitWidth>0x4</BitWidth>
									<Access>RW</Access>
								</Bit>
								<Bit>
									<Name>TEMPLTRIM</Name>
									<Description>Low temperature threshold trimming</Description>
									<BitOffset>0x18</BitOffset>
									<BitWidth>0x4</BitWidth>
									<Access>RW</Access>
								</Bit>
								<Bit>
									<Name>VBATHTRIM</Name>
									<Description>High VBAT threshold trimming</Description>
									<BitOffset>0x1C</BitOffset>
									<BitWidth>0x4</BitWidth>
									<Access>RW</Access>
								</Bit>
							</AssignedBits>
						</Field>
						</Category>
						<Category>
						<Name>OTP18</Name>
						<Field>
							<Parameters address="0x98" name="HW2" size="0x8"/>
							<AssignedBits>
																<Bit>
										<Name>Data18</Name>
										<Description>Data</Description>
										<BitOffset>0x0</BitOffset> <!--  -->
										<BitWidth>0x20</BitWidth>
										<Access>RW</Access>
									</Bit>
								<Bit>
									<Name>Status18</Name>
									<Description>Status</Description>
									<BitOffset>0x4</BitOffset> <!--  -->
									<BitWidth>0x20</BitWidth>
									<Access>R</Access>
								</Bit>
								<Bit>
									<Name>IWDG1_HW</Name>
									<Description>IWDG1 start 0:Start by software 1:Auto start</Description>
									<BitOffset>0x3</BitOffset>
									<BitWidth>0x1</BitWidth>
									<Access>RW</Access>
								</Bit>
								<Bit>
									<Name>IWDG2_HW</Name>
									<Description>IWDG2 start 0:Start by software 1:Auto start</Description>
									<BitOffset>0x4</BitOffset>
									<BitWidth>0x1</BitWidth>
									<Access>RW</Access>
								</Bit>
								<Bit>
									<Name>IWDG1_FZ_STOP</Name>
									<Description>IWDG1 freeze in Stop 0:No 1:Yes</Description>
									<BitOffset>0x5</BitOffset>
									<BitWidth>0x1</BitWidth>
									<Access>RW</Access>
								</Bit>
								<Bit>
									<Name>IWDG2_FZ_STOP</Name>
									<Description>IWDG2 freeze in Stop 0:No 1:Yes</Description>
									<BitOffset>0x6</BitOffset>
									<BitWidth>0x1</BitWidth>
									<Access>RW</Access>
								</Bit>
								<Bit>
									<Name>IWDG1_FZ_STANDBY</Name>
									<Description>IWDG1 freeze in Standby 0:No 1:Yes</Description>
									<BitOffset>0x7</BitOffset>
									<BitWidth>0x1</BitWidth>
									<Access>RW</Access>
								</Bit>
								<Bit>
									<Name>IWDG2_FZ_STANDBY</Name>
									<Description>IWDG2 freeze in Standby 0:No 1:Yes</Description>
									<BitOffset>0x8</BitOffset>
									<BitWidth>0x1</BitWidth>
									<Access>RW</Access>
								</Bit>
								<Bit>
									<Name>RNG_BYPASS_DISABLE</Name>
									<Description>RNG noise observation 0:Enable 1:Disable</Description>
									<BitOffset>0x9</BitOffset>
									<BitWidth>0x1</BitWidth>
									<Access>RW</Access>
								</Bit>
								<Bit>
									<Name>SELINBORH</Name>
									<Description>00: BOR Disabled 01: BOR = 2.1V 10: BOR = 2.4V 11: BOR = 2.7V</Description>
									<BitOffset>0xB</BitOffset>
									<BitWidth>0x2</BitWidth>
									<Access>RW</Access>
								</Bit>
								<Bit>
									<Name>PRODUCT_BELOW_2V5</Name>
									<Description>Required when VDD is below 2.5 V to allow the SYSCFG high speed lowvoltage enable registers HSLVEN bits to be taken into account.</Description>
									<BitOffset>0xD</BitOffset>
									<BitWidth>0x1</BitWidth>
									<Access>RW</Access>
								</Bit>
							</AssignedBits>
						</Field>
						</Category>
						<Category>
						<Name>OTP19</Name>
						<Field>
							<Parameters address="0xA0" name="HW3" size="0x8"/>
							<AssignedBits>
																<Bit>
										<Name>Data19</Name>
										<Description>Data</Description>
										<BitOffset>0x0</BitOffset> <!--  -->
										<BitWidth>0x20</BitWidth>
										<Access>RW</Access>
									</Bit>
								<Bit>
									<Name>Status19</Name>
									<Description>Status</Description>
									<BitOffset>0x4</BitOffset> <!--  -->
									<BitWidth>0x20</BitWidth>
									<Access>R</Access>
								</Bit>
								<Bit>
									<Name>TS1_FMT0</Name>
									<Description>DTS frequency measured freq at T0</Description>
									<BitOffset>0x0</BitOffset>
									<BitWidth>0x10</BitWidth>
									<Access>RW</Access>
								</Bit>
								<Bit>
									<Name>TS1_RAMP_COEF</Name>
									<Description>DTS ramp coefficient</Description>
									<BitOffset>0x10</BitOffset>
									<BitWidth>0x10</BitWidth>
									<Access>RW</Access>
								</Bit>
							</AssignedBits>
						</Field>
						</Category>
						<Category>
						<Name>OTP20</Name>
						<Field>
							<Parameters address="0xA8" name="HW4" size="0x8"/>
							<AssignedBits>
								<Bit>
										<Name>Data20</Name>
										<Description>Data</Description>
										<BitOffset>0x0</BitOffset> <!--  -->
										<BitWidth>0x20</BitWidth>
										<Access>RW</Access>
									</Bit>
								<Bit>
									<Name>Status20</Name>
									<Description>Status</Description>
									<BitOffset>0x4</BitOffset> <!--  -->
									<BitWidth>0x20</BitWidth>
									<Access>R</Access>
								</Bit>
								<Bit>
									<Name>TRIM_DTP_R</Name>
									<Description>DTS R Trim</Description>
									<BitOffset>0x0</BitOffset>
									<BitWidth>0x7</BitWidth>
									<Access>RW</Access>
								</Bit>
								<Bit>
									<Name>TS1_T0</Name>
									<Description>DTS T0 value</Description>
									<BitOffset>0x7</BitOffset>
									<BitWidth>0x2</BitWidth>
									<Access>RW</Access>
								</Bit>
								<Bit>
									<Name>VREFINT_CAL</Name>
									<Description>ADC VBG measurement to correct for VREF</Description>
									<BitOffset>0x10</BitOffset>
									<BitWidth>0x10</BitWidth>
									<Access>RW</Access>
								</Bit>
							</AssignedBits>
						</Field>
						</Category>
						<Category>
						<Name>OTP21</Name>
						<Field>
							<Parameters address="0xB0" name="HW5" size="0x8"/>
							<AssignedBits>
								<Bit>
										<Name>Data21</Name>
										<Description>Data</Description>
										<BitOffset>0x0</BitOffset> <!--  -->
										<BitWidth>0x20</BitWidth>
										<Access>RW</Access>
									</Bit>
								<Bit>
									<Name>Status21</Name>
									<Description>Status</Description>
									<BitOffset>0x4</BitOffset> <!--  -->
									<BitWidth>0x20</BitWidth>
									<Access>R</Access>
								</Bit>
								<Bit>
									<Name>VREFBUFTRIM</Name>
									<Description>6 trim bits for each of 4 VREFBUF settings</Description>
									<BitOffset>0x0</BitOffset>
									<BitWidth>0x18</BitWidth>
									<Access>RW</Access>
								</Bit>
								<Bit>
									<Name>SD1COMPCELL</Name>
									<Description>VDDSD1 I/O calibration</Description>
									<BitOffset>0x18</BitOffset>
									<BitWidth>0x4</BitWidth>
									<Access>RW</Access>
								</Bit>
								<Bit>
									<Name>SD2COMPCELL</Name>
									<Description>VDDSD2 I/O calibration</Description>
									<BitOffset>0x1c</BitOffset>
									<BitWidth>0x4</BitWidth>
									<Access>RW</Access>
								</Bit>
							</AssignedBits>
						</Field>
						</Category>
						<Category>
						<Name>OTP22</Name>
						<Field>
							<Parameters address="0xC8" name="HW6" size="0x8"/>
							<AssignedBits>
								<Bit>
										<Name>Data22</Name>
										<Description>Data</Description>
										<BitOffset>0x0</BitOffset> <!--  -->
										<BitWidth>0x20</BitWidth>
										<Access>RW</Access>
									</Bit>
								<Bit>
									<Name>Status24</Name>
									<Description>Status</Description>
									<BitOffset>0x4</BitOffset> <!--  -->
									<BitWidth>0x20</BitWidth>
									<Access>R</Access>
								</Bit>
							</AssignedBits>
						</Field>
						</Category>
						<Category>
						<Name>OTP23</Name>
						<Field>
							<Parameters address="0xC8" name="HW7" size="0x8"/>
							<AssignedBits>
								<Bit>
									<Name>Data23</Name>
									<Description>Data</Description>
									<BitOffset>0x0</BitOffset> <!--  -->
									<BitWidth>0x20</BitWidth>
									<Access>RW</Access>
								</Bit>
								<Bit>
									<Name>Status24</Name>
									<Description>Status</Description>
									<BitOffset>0x4</BitOffset> <!--  -->
									<BitWidth>0x20</BitWidth>
									<Access>R</Access>
								</Bit>
								<Bit>
									<Name>TS_CAL1</Name>
									<Description>ADC TEMP measurement at T0</Description>
									<BitOffset>0x0</BitOffset>
									<BitWidth>0x10</BitWidth>
									<Access>RW</Access>
								</Bit>
								<Bit>
									<Name>TS_CAL2</Name>
									<Description>ADC TEMP measurement at T1</Description>
									<BitOffset>0x10</BitOffset>
									<BitWidth>0x10</BitWidth>
									<Access>RW</Access>
								</Bit>
							</AssignedBits>
						</Field>
						</Category>
						<Category>
						<Name>OTP24</Name>
						<Field>
							<Parameters address="0xC8" name="PKH0" size="0x8"/>
							<AssignedBits>
																<Bit>
										<Name>Data24</Name>
										<Description>Data</Description>
										<BitOffset>0x0</BitOffset> <!--  -->
										<BitWidth>0x20</BitWidth>
										<Access>RW</Access>
									</Bit>
								<Bit>
									<Name>Status24</Name>
									<Description>Status</Description>
									<BitOffset>0x4</BitOffset> <!--  -->
									<BitWidth>0x20</BitWidth>
									<Access>R</Access>
								</Bit>
							</AssignedBits>
						</Field>
						</Category>
						<Category>
						<Name>OTP25</Name>
						<Field>
							<Parameters address="0xD0" name="PKH1" size="0x8"/>
							<AssignedBits>
																<Bit>
										<Name>Data25</Name>
										<Description>Data</Description>
										<BitOffset>0x0</BitOffset> <!--  -->
										<BitWidth>0x20</BitWidth>
										<Access>RW</Access>
									</Bit>
								<Bit>
									<Name>Status25</Name>
									<Description>Status</Description>
									<BitOffset>0x4</BitOffset> <!--  -->
									<BitWidth>0x20</BitWidth>
									<Access>R</Access>
								</Bit>
							</AssignedBits>
						</Field>
						</Category>
						<Category>
						<Name>OTP26</Name>
						<Field>
							<Parameters address="0xD8" name="PKH2" size="0x8"/>
							<AssignedBits>
																<Bit>
										<Name>Data26</Name>
										<Description>Data</Description>
										<BitOffset>0x0</BitOffset> <!--  -->
										<BitWidth>0x20</BitWidth>
										<Access>RW</Access>
									</Bit>
								<Bit>
									<Name>Status26</Name>
									<Description>Status</Description>
									<BitOffset>0x4</BitOffset> <!--  -->
									<BitWidth>0x20</BitWidth>
									<Access>R</Access>
								</Bit>
							</AssignedBits>
						</Field>
						</Category>
						<Category>
						<Name>OTP27</Name>
						<Field>
							<Parameters address="0xE0" name="PKH3" size="0x8"/>
							<AssignedBits>
																<Bit>
										<Name>Data27</Name>
										<Description>Data</Description>
										<BitOffset>0x0</BitOffset> <!--  -->
										<BitWidth>0x20</BitWidth>
										<Access>RW</Access>
									</Bit>
								<Bit>
									<Name>Status27</Name>
									<Description>Status</Description>
									<BitOffset>0x4</BitOffset> <!--  -->
									<BitWidth>0x20</BitWidth>
									<Access>R</Access>
								</Bit>
							</AssignedBits>
						</Field>
						</Category>
						<Category>
						<Name>OTP28</Name>
						<Field>
							<Parameters address="0xE8" name="PKH4" size="0x8"/>
							<AssignedBits>
																<Bit>
										<Name>Data28</Name>
										<Description>Data</Description>
										<BitOffset>0x0</BitOffset> <!--  -->
										<BitWidth>0x20</BitWidth>
										<Access>RW</Access>
									</Bit>
								<Bit>
									<Name>Status28</Name>
									<Description>Status</Description>
									<BitOffset>0x4</BitOffset> <!--  -->
									<BitWidth>0x20</BitWidth>
									<Access>R</Access>
								</Bit>
							</AssignedBits>
						</Field>
						</Category>
						<Category>
						<Name>OTP29</Name>
						<Field>
							<Parameters address="0xF0" name="PKH5" size="0x8"/>
							<AssignedBits>
																<Bit>
										<Name>Data29</Name>
										<Description>Data</Description>
										<BitOffset>0x0</BitOffset> <!--  -->
										<BitWidth>0x20</BitWidth>
										<Access>RW</Access>
									</Bit>
								<Bit>
									<Name>Status29</Name>
									<Description>Status</Description>
									<BitOffset>0x4</BitOffset> <!--  -->
									<BitWidth>0x20</BitWidth>
									<Access>R</Access>
								</Bit>
							</AssignedBits>
						</Field>
						</Category>
						<Category>
						<Name>OTP30</Name>
						<Field>
							<Parameters address="0xF8" name="PKH6" size="0x8"/>
							<AssignedBits>
																<Bit>
										<Name>Data30</Name>
										<Description>Data</Description>
										<BitOffset>0x0</BitOffset> <!--  -->
										<BitWidth>0x20</BitWidth>
										<Access>RW</Access>
									</Bit>
								<Bit>
									<Name>Status30</Name>
									<Description>Status</Description>
									<BitOffset>0x4</BitOffset> <!--  -->
									<BitWidth>0x20</BitWidth>
									<Access>R</Access>
								</Bit>
							</AssignedBits>
						</Field>
						</Category>
						<Category>
						<Name>OTP31</Name>
						<Field>
							<Parameters address="0x100" name="PKH7" size="0x8"/>
							<AssignedBits>
																<Bit>
										<Name>Data31</Name>
										<Description>Data</Description>
										<BitOffset>0x0</BitOffset> <!--  -->
										<BitWidth>0x20</BitWidth>
										<Access>RW</Access>
									</Bit>
								<Bit>
									<Name>Status31</Name>
									<Description>Status</Description>
									<BitOffset>0x4</BitOffset> <!--  -->
									<BitWidth>0x20</BitWidth>
									<Access>R</Access>
								</Bit>
							</AssignedBits>
						</Field>
						</Category>
						<Category>
						<Name>OTP32</Name>
						<Field>
							<Parameters address="0x108" name="XK0" size="0x8"/>
							<AssignedBits>
								<Bit>
									<Name>Data32</Name>
									<Description>Data</Description>
									<BitOffset>0x0</BitOffset>
									<BitWidth>0x20</BitWidth>
									<Access>RW</Access>
								</Bit>
								<Bit>
									<Name>Status32</Name>
									<Description>Status</Description>
									<BitOffset>0x4</BitOffset> <!--  -->
									<BitWidth>0x20</BitWidth>
									<Access>R</Access>
								</Bit>
							</AssignedBits>
						</Field>
						</Category>
						<Category>
						<Name>OTP33</Name>
						<Field>
							<Parameters address="0x110" name="XK1" size="0x8"/>
							<AssignedBits>
								<Bit>
									<Name>Data33</Name>
									<Description>Data</Description>
									<BitOffset>0x0</BitOffset>
									<BitWidth>0x20</BitWidth>
									<Access>RW</Access>
								</Bit>
								<Bit>
									<Name>Status33</Name>
									<Description>Status</Description>
									<BitOffset>0x4</BitOffset> <!--  -->
									<BitWidth>0x20</BitWidth>
									<Access>R</Access>
								</Bit>
							</AssignedBits>
						</Field>
						</Category>
						<Category>
						<Name>OTP34</Name>
						<Field>
							<Parameters address="0x118" name="XK2" size="0x8"/>
							<AssignedBits>
								<Bit>
									<Name>Data34</Name>
									<Description>Data</Description>
									<BitOffset>0x0</BitOffset>
									<BitWidth>0x20</BitWidth>
									<Access>RW</Access>
								</Bit>
								<Bit>
									<Name>Status34</Name>
									<Description>Status</Description>
									<BitOffset>0x4</BitOffset> <!--  -->
									<BitWidth>0x20</BitWidth>
									<Access>R</Access>
								</Bit>
							</AssignedBits>
						</Field>
						</Category>
						<Category>
						<Name>OTP35</Name>
						<Field>
							<Parameters address="0x120" name="XK3" size="0x8"/>
							<AssignedBits>
								<Bit>
									<Name>Data</Name>
									<Description>Data35</Description>
									<BitOffset>0x0</BitOffset>
									<BitWidth>0x20</BitWidth>
									<Access>RW</Access>
								</Bit>
								<Bit>
									<Name>Status35</Name>
									<Description>Status</Description>
									<BitOffset>0x4</BitOffset> <!--  -->
									<BitWidth>0x20</BitWidth>
									<Access>R</Access>
								</Bit>
							</AssignedBits>
						</Field>
						</Category>
						<Category>
						<Name>OTP36</Name>
						<Field>
							<Parameters address="0x128" name="XK4" size="0x8"/>
							<AssignedBits>
								<Bit>
									<Name>Data36</Name>
									<Description>Data</Description>
									<BitOffset>0x0</BitOffset>
									<BitWidth>0x20</BitWidth>
									<Access>RW</Access>
								</Bit>
								<Bit>
									<Name>Status36</Name>
									<Description>Status</Description>
									<BitOffset>0x4</BitOffset> <!--  -->
									<BitWidth>0x20</BitWidth>
									<Access>R</Access>
								</Bit>
							</AssignedBits>
						</Field>
						</Category>
						<Category>
						<Name>OTP37</Name>
						<Field>
							<Parameters address="0x130" name="XK5" size="0x8"/>
							<AssignedBits>
								<Bit>
									<Name>Data37</Name>
									<Description>Data</Description>
									<BitOffset>0x0</BitOffset>
									<BitWidth>0x20</BitWidth>
									<Access>RW</Access>
								</Bit>
								<Bit>
									<Name>Status37</Name>
									<Description>Status</Description>
									<BitOffset>0x4</BitOffset> <!--  -->
									<BitWidth>0x20</BitWidth>
									<Access>R</Access>
								</Bit>
							</AssignedBits>
						</Field>
						</Category>
						<Category>
						<Name>OTP38</Name>
						<Field>
							<Parameters address="0x138" name="XK6" size="0x8"/>
							<AssignedBits>
								<Bit>
									<Name>Data38</Name>
									<Description>Data</Description>
									<BitOffset>0x0</BitOffset>
									<BitWidth>0x20</BitWidth>
									<Access>RW</Access>
								</Bit>
								<Bit>
									<Name>Status38</Name>
									<Description>Status</Description>
									<BitOffset>0x4</BitOffset> <!--  -->
									<BitWidth>0x20</BitWidth>
									<Access>R</Access>
								</Bit>
							</AssignedBits>
						</Field>
						</Category>
						<Category>
						<Name>OTP39</Name>
						<Field>
							<Parameters address="0x140" name="XK7" size="0x8"/>
							<AssignedBits>
								<Bit>
									<Name>Data39</Name>
									<Description>Data</Description>
									<BitOffset>0x0</BitOffset>
									<BitWidth>0x20</BitWidth>
									<Access>RW</Access>
								</Bit>
								<Bit>
									<Name>Status39</Name>
									<Description>Status</Description>
									<BitOffset>0x4</BitOffset> <!--  -->
									<BitWidth>0x20</BitWidth>
									<Access>R</Access>
								</Bit>
							</AssignedBits>
						</Field>
						</Category>
						<Category>
						<Name>OTP40</Name>
						<Field>
							<Parameters address="0x148" name="XK8" size="0x8"/>
							<AssignedBits>
								<Bit>
									<Name>Data40</Name>
									<Description>Data</Description>
									<BitOffset>0x0</BitOffset>
									<BitWidth>0x20</BitWidth>
									<Access>RW</Access>
								</Bit>
								<Bit>
									<Name>Status40</Name>
									<Description>Status</Description>
									<BitOffset>0x4</BitOffset> <!--  -->
									<BitWidth>0x20</BitWidth>
									<Access>R</Access>
								</Bit>
							</AssignedBits>
						</Field>
						</Category>
						<Category>
						<Name>OTP41</Name>
						<Field>
							<Parameters address="0x150" name="XK9" size="0x8"/>
							<AssignedBits>
								<Bit>
									<Name>Data41</Name>
									<Description>Data</Description>
									<BitOffset>0x0</BitOffset>
									<BitWidth>0x20</BitWidth>
									<Access>RW</Access>
								</Bit>
								<Bit>
									<Name>Status41</Name>
									<Description>Status</Description>
									<BitOffset>0x4</BitOffset> <!--  -->
									<BitWidth>0x20</BitWidth>
									<Access>R</Access>
								</Bit>
							</AssignedBits>
						</Field>
						</Category>
						<Category>
						<Name>OTP42</Name>
						<Field>
							<Parameters address="0x158" name="XK10" size="0x8"/>
							<AssignedBits>
								<Bit>
									<Name>Data42</Name>
									<Description>Data</Description>
									<BitOffset>0x0</BitOffset>
									<BitWidth>0x20</BitWidth>
									<Access>RW</Access>
								</Bit>
								<Bit>
									<Name>Status42</Name>
									<Description>Status</Description>
									<BitOffset>0x4</BitOffset> <!--  -->
									<BitWidth>0x20</BitWidth>
									<Access>R</Access>
								</Bit>
							</AssignedBits>
						</Field>
						</Category>
						<Category>
						<Name>OTP43</Name>
						<Field>
							<Parameters address="0x160" name="XK11" size="0x8"/>
							<AssignedBits>
								<Bit>
									<Name>Data43</Name>
									<Description>Data</Description>
									<BitOffset>0x0</BitOffset>
									<BitWidth>0x20</BitWidth>
									<Access>RW</Access>
								</Bit>
								<Bit>
									<Name>Status43</Name>
									<Description>Status</Description>
									<BitOffset>0x4</BitOffset> <!--  -->
									<BitWidth>0x20</BitWidth>
									<Access>R</Access>
								</Bit>
							</AssignedBits>
						</Field>
						</Category>
						<Category>
						<Name>OTP44</Name>
						<Field>
							<Parameters address="0x168" name="XK12" size="0x8"/>
							<AssignedBits>
								<Bit>
									<Name>Data44</Name>
									<Description>Data</Description>
									<BitOffset>0x0</BitOffset>
									<BitWidth>0x20</BitWidth>
									<Access>RW</Access>
								</Bit>
								<Bit>
									<Name>Status44</Name>
									<Description>Status</Description>
									<BitOffset>0x4</BitOffset> <!--  -->
									<BitWidth>0x20</BitWidth>
									<Access>R</Access>
								</Bit>
							</AssignedBits>
						</Field>
						</Category>
						<Category>
						<Name>OTP45</Name>
						<Field>
							<Parameters address="0x170" name="XK13" size="0x8"/>
							<AssignedBits>
								<Bit>
									<Name>Data45</Name>
									<Description>Data</Description>
									<BitOffset>0x0</BitOffset>
									<BitWidth>0x20</BitWidth>
									<Access>RW</Access>
								</Bit>
								<Bit>
									<Name>Status45</Name>
									<Description>Status</Description>
									<BitOffset>0x4</BitOffset> <!--  -->
									<BitWidth>0x20</BitWidth>
									<Access>R</Access>
								</Bit>
							</AssignedBits>
						</Field>
						</Category>
						<Category>
						<Name>OTP46</Name>
						<Field>
							<Parameters address="0x178" name="XK14" size="0x8"/>
							<AssignedBits>
								<Bit>
									<Name>Data46</Name>
									<Description>Data</Description>
									<BitOffset>0x0</BitOffset>
									<BitWidth>0x20</BitWidth>
									<Access>RW</Access>
								</Bit>
								<Bit>
									<Name>Status46</Name>
									<Description>Status</Description>
									<BitOffset>0x4</BitOffset> <!--  -->
									<BitWidth>0x20</BitWidth>
									<Access>R</Access>
								</Bit>
							</AssignedBits>
						</Field>
						</Category>
						<Category>
						<Name>OTP47</Name>
						<Field>
							<Parameters address="0x180" name="XK15" size="0x8"/>
							<AssignedBits>
								<Bit>
									<Name>Data47</Name>
									<Description>Data</Description>
									<BitOffset>0x0</BitOffset>
									<BitWidth>0x20</BitWidth>
									<Access>RW</Access>
								</Bit>
								<Bit>
									<Name>Status47</Name>
									<Description>Status</Description>
									<BitOffset>0x4</BitOffset> <!--  -->
									<BitWidth>0x20</BitWidth>
									<Access>R</Access>
								</Bit>
							</AssignedBits>
						</Field>
						</Category>
						<Category>
						<Name>OTP48</Name>
						<Field>
							<Parameters address="0x188" name="XK16" size="0x8"/>
							<AssignedBits>
								<Bit>
									<Name>Data48</Name>
									<Description>Data</Description>
									<BitOffset>0x0</BitOffset>
									<BitWidth>0x20</BitWidth>
									<Access>RW</Access>
								</Bit>
								<Bit>
									<Name>Status48</Name>
									<Description>Status</Description>
									<BitOffset>0x4</BitOffset> <!--  -->
									<BitWidth>0x20</BitWidth>
									<Access>R</Access>
								</Bit>
							</AssignedBits>
						</Field>
						</Category>
						<Category>
						<Name>OTP49</Name>
						<Field>
							<Parameters address="0x190" name="XK17" size="0x8"/>
							<AssignedBits>
								<Bit>
									<Name>Data49</Name>
									<Description>Data</Description>
									<BitOffset>0x0</BitOffset>
									<BitWidth>0x20</BitWidth>
									<Access>RW</Access>
								</Bit>
								<Bit>
									<Name>Status49</Name>
									<Description>Status</Description>
									<BitOffset>0x4</BitOffset> <!--  -->
									<BitWidth>0x20</BitWidth>
									<Access>R</Access>
								</Bit>
							</AssignedBits>
						</Field>
						</Category>
						<Category>
						<Name>OTP50</Name>
						<Field>
							<Parameters address="0x198" name="XK18" size="0x8"/>
							<AssignedBits>
								<Bit>
									<Name>Data50</Name>
									<Description>Data</Description>
									<BitOffset>0x0</BitOffset>
									<BitWidth>0x20</BitWidth>
									<Access>RW</Access>
								</Bit>
								<Bit>
									<Name>Status50</Name>
									<Description>Status</Description>
									<BitOffset>0x4</BitOffset> <!--  -->
									<BitWidth>0x20</BitWidth>
									<Access>R</Access>
								</Bit>
							</AssignedBits>
						</Field>
						</Category>
						<Category>
						<Name>OTP51</Name>
						<Field>
							<Parameters address="0x1A0" name="XK19" size="0x8"/>
							<AssignedBits>
								<Bit>
									<Name>Data51</Name>
									<Description>Data</Description>
									<BitOffset>0x0</BitOffset>
									<BitWidth>0x20</BitWidth>
									<Access>RW</Access>
								</Bit>
								<Bit>
									<Name>Status51</Name>
									<Description>Status</Description>
									<BitOffset>0x4</BitOffset> <!--  -->
									<BitWidth>0x20</BitWidth>
									<Access>R</Access>
								</Bit>
							</AssignedBits>
						</Field>
						</Category>
						<Category>
						<Name>OTP52</Name>
						<Field>
							<Parameters address="0x1A8" name="XK20" size="0x8"/>
							<AssignedBits>
								<Bit>
									<Name>Data52</Name>
									<Description>Data</Description>
									<BitOffset>0x0</BitOffset>
									<BitWidth>0x20</BitWidth>
									<Access>RW</Access>
								</Bit>
								<Bit>
									<Name>Status52</Name>
									<Description>Status</Description>
									<BitOffset>0x4</BitOffset> <!--  -->
									<BitWidth>0x20</BitWidth>
									<Access>R</Access>
								</Bit>
							</AssignedBits>
						</Field>
						</Category>
						<Category>
						<Name>OTP53</Name>
						<Field>
							<Parameters address="0x1B0" name="XK21" size="0x8"/>
							<AssignedBits>
								<Bit>
									<Name>Data53</Name>
									<Description>Data</Description>
									<BitOffset>0x0</BitOffset>
									<BitWidth>0x20</BitWidth>
									<Access>RW</Access>
								</Bit>
								<Bit>
									<Name>Status53</Name>
									<Description>Status</Description>
									<BitOffset>0x4</BitOffset> <!--  -->
									<BitWidth>0x20</BitWidth>
									<Access>R</Access>
								</Bit>
							</AssignedBits>
						</Field>
						</Category>
						<Category>
						<Name>OTP54</Name>
						<Field>
							<Parameters address="0x1B8" name="XK22" size="0x8"/>
							<AssignedBits>
								<Bit>
									<Name>Data54</Name>
									<Description>Data</Description>
									<BitOffset>0x0</BitOffset>
									<BitWidth>0x20</BitWidth>
									<Access>RW</Access>
								</Bit>
								<Bit>
									<Name>Status54</Name>
									<Description>Status</Description>
									<BitOffset>0x4</BitOffset> <!--  -->
									<BitWidth>0x20</BitWidth>
									<Access>R</Access>
								</Bit>
							</AssignedBits>
						</Field>
						</Category>
						<Category>
						<Name>OTP55</Name>
						<Field>
							<Parameters address="0x1C0" name="XK23" size="0x8"/>
							<AssignedBits>
								<Bit>
									<Name>Data55</Name>
									<Description>Data</Description>
									<BitOffset>0x0</BitOffset>
									<BitWidth>0x20</BitWidth>
									<Access>RW</Access>
								</Bit>
								<Bit>
									<Name>Status55</Name>
									<Description>Status</Description>
									<BitOffset>0x4</BitOffset> <!--  -->
									<BitWidth>0x20</BitWidth>
									<Access>R</Access>
								</Bit>
							</AssignedBits>
						</Field>
						</Category>
						<Category>
						<Name>OTP56</Name>
						<Field>
							<Parameters address="0x1C8" name="XK24" size="0x8"/>
							<AssignedBits>
								<Bit>
									<Name>Data56</Name>
									<Description>Data</Description>
									<BitOffset>0x0</BitOffset>
									<BitWidth>0x20</BitWidth>
									<Access>RW</Access>
								</Bit>
								<Bit>
									<Name>Status56</Name>
									<Description>Status</Description>
									<BitOffset>0x4</BitOffset> <!--  -->
									<BitWidth>0x20</BitWidth>
									<Access>R</Access>
								</Bit>
							</AssignedBits>
						</Field>
						</Category>
						<Category>
						<Name>OTP57</Name>
						<Field>
							<Parameters address="0x1D0" name="XK25" size="0x8"/>
							<AssignedBits>
								<Bit>
									<Name>Data57</Name>
									<Description>Data</Description>
									<BitOffset>0x0</BitOffset>
									<BitWidth>0x20</BitWidth>
									<Access>RW</Access>
								</Bit>
								<Bit>
									<Name>Status57</Name>
									<Description>Status</Description>
									<BitOffset>0x4</BitOffset> <!--  -->
									<BitWidth>0x20</BitWidth>
									<Access>R</Access>
								</Bit>
							</AssignedBits>
						</Field>
						</Category>
						<Category>
						<Name>OTP58</Name>
						<Field>
							<Parameters address="0x1D8" name="XK26" size="0x8"/>
							<AssignedBits>
								<Bit>
									<Name>Data58</Name>
									<Description>Data</Description>
									<BitOffset>0x0</BitOffset>
									<BitWidth>0x20</BitWidth>
									<Access>RW</Access>
								</Bit>
								<Bit>
									<Name>Status58</Name>
									<Description>Status</Description>
									<BitOffset>0x4</BitOffset> <!--  -->
									<BitWidth>0x20</BitWidth>
									<Access>R</Access>
								</Bit>
							</AssignedBits>
						</Field>
						</Category>
						<Category>
						<Name>OTP59</Name>
						<Field>
							<Parameters address="0x1E0" name="XK27" size="0x8"/>
							<AssignedBits>
								<Bit>
									<Name>Data59</Name>
									<Description>Data</Description>
									<BitOffset>0x0</BitOffset>
									<BitWidth>0x20</BitWidth>
									<Access>RW</Access>
								</Bit>
								<Bit>
									<Name>Status59</Name>
									<Description>Status</Description>
									<BitOffset>0x4</BitOffset> <!--  -->
									<BitWidth>0x20</BitWidth>
									<Access>R</Access>
								</Bit>
							</AssignedBits>
						</Field>
						</Category>
						<Category>
						<Name>OTP60</Name>
						<Field>
							<Parameters address="0x1E8" name="XK28" size="0x8"/>
							<AssignedBits>
								<Bit>
									<Name>Data60</Name>
									<Description>Data</Description>
									<BitOffset>0x0</BitOffset>
									<BitWidth>0x20</BitWidth>
									<Access>RW</Access>
								</Bit>
								<Bit>
									<Name>Status60</Name>
									<Description>Status</Description>
									<BitOffset>0x4</BitOffset> <!--  -->
									<BitWidth>0x20</BitWidth>
									<Access>R</Access>
								</Bit>
							</AssignedBits>
						</Field>
						</Category>
						<Category>
						<Name>OTP61</Name>
						<Field>
							<Parameters address="0x1F0" name="XK29" size="0x8"/>
							<AssignedBits>
								<Bit>
									<Name>Data61</Name>
									<Description>Data</Description>
									<BitOffset>0x0</BitOffset>
									<BitWidth>0x20</BitWidth>
									<Access>RW</Access>
								</Bit>
								<Bit>
									<Name>Status61</Name>
									<Description>Status</Description>
									<BitOffset>0x4</BitOffset> <!--  -->
									<BitWidth>0x20</BitWidth>
									<Access>R</Access>
								</Bit>
							</AssignedBits>
						</Field>
						</Category>
						<Category>
						<Name>OTP62</Name>
						<Field>
							<Parameters address="0x1F8" name="XK30" size="0x8"/>
							<AssignedBits>
								<Bit>
									<Name>Data62</Name>
									<Description>Data</Description>
									<BitOffset>0x0</BitOffset>
									<BitWidth>0x20</BitWidth>
									<Access>RW</Access>
								</Bit>
								<Bit>
									<Name>Status62</Name>
									<Description>Status</Description>
									<BitOffset>0x4</BitOffset> <!--  -->
									<BitWidth>0x20</BitWidth>
									<Access>R</Access>
								</Bit>
							</AssignedBits>
						</Field>
						</Category>
						<Category>
						<Name>OTP63</Name>
						<Field>
							<Parameters address="0x200" name="XK31" size="0x8"/>
							<AssignedBits>
								<Bit>
									<Name>Data63</Name>
									<Description>Data</Description>
									<BitOffset>0x0</BitOffset>
									<BitWidth>0x20</BitWidth>
									<Access>RW</Access>
								</Bit>
								<Bit>
									<Name>Status63</Name>
									<Description>Status</Description>
									<BitOffset>0x4</BitOffset> <!--  -->
									<BitWidth>0x20</BitWidth>
									<Access>R</Access>
								</Bit>
							</AssignedBits>
						</Field>
						</Category>
						<Category>
						<Name>OTP64</Name>
						<Field>
							<Parameters address="0x208" name="XK32" size="0x8"/>
							<AssignedBits>
								<Bit>
									<Name>Data64</Name>
									<Description>Data</Description>
									<BitOffset>0x0</BitOffset>
									<BitWidth>0x20</BitWidth>
									<Access>RW</Access>
								</Bit>
								<Bit>
									<Name>Status64</Name>
									<Description>Status</Description>
									<BitOffset>0x4</BitOffset> <!--  -->
									<BitWidth>0x20</BitWidth>
									<Access>R</Access>
								</Bit>
							</AssignedBits>
						</Field>
						</Category>
						<Category>
						<Name>OTP65</Name>
						<Field>
							<Parameters address="0x210" name="XK33" size="0x8"/>
							<AssignedBits>
								<Bit>
									<Name>Data65</Name>
									<Description>Data</Description>
									<BitOffset>0x0</BitOffset>
									<BitWidth>0x20</BitWidth>
									<Access>RW</Access>
								</Bit>
								<Bit>
									<Name>Status65</Name>
									<Description>Status</Description>
									<BitOffset>0x4</BitOffset> <!--  -->
									<BitWidth>0x20</BitWidth>
									<Access>R</Access>
								</Bit>
							</AssignedBits>
						</Field>
						</Category>
						<Category>
						<Name>OTP66</Name>
						<Field>
							<Parameters address="0x218" name="XK34" size="0x8"/>
							<AssignedBits>
								<Bit>
									<Name>Data66</Name>
									<Description>Data</Description>
									<BitOffset>0x0</BitOffset>
									<BitWidth>0x20</BitWidth>
									<Access>RW</Access>
								</Bit>
								<Bit>
									<Name>Status66</Name>
									<Description>Status</Description>
									<BitOffset>0x4</BitOffset> <!--  -->
									<BitWidth>0x20</BitWidth>
									<Access>R</Access>
								</Bit>
							</AssignedBits>
						</Field>
						</Category>
						<Category>
						<Name>OTP67</Name>
						<Field>
							<Parameters address="0x220" name="XK35" size="0x8"/>
							<AssignedBits>
								<Bit>
									<Name>Data67</Name>
									<Description>Data</Description>
									<BitOffset>0x0</BitOffset>
									<BitWidth>0x20</BitWidth>
									<Access>RW</Access>
								</Bit>
								<Bit>
									<Name>Status67</Name>
									<Description>Status</Description>
									<BitOffset>0x4</BitOffset> <!--  -->
									<BitWidth>0x20</BitWidth>
									<Access>R</Access>
								</Bit>
							</AssignedBits>
						</Field>
						</Category>
						<Category>
						<Name>OTP68</Name>
						<Field>
							<Parameters address="0x228" name="XK36" size="0x8"/>
							<AssignedBits>
								<Bit>
									<Name>Data68</Name>
									<Description>Data</Description>
									<BitOffset>0x0</BitOffset>
									<BitWidth>0x20</BitWidth>
									<Access>RW</Access>
								</Bit>
								<Bit>
									<Name>Status68</Name>
									<Description>Status</Description>
									<BitOffset>0x4</BitOffset> <!--  -->
									<BitWidth>0x20</BitWidth>
									<Access>R</Access>
								</Bit>
							</AssignedBits>
						</Field>
						</Category>
						<Category>
						<Name>OTP69</Name>
						<Field>
							<Parameters address="0x230" name="XK37" size="0x8"/>
							<AssignedBits>
								<Bit>
									<Name>Data69</Name>
									<Description>Data</Description>
									<BitOffset>0x0</BitOffset>
									<BitWidth>0x20</BitWidth>
									<Access>RW</Access>
								</Bit>
								<Bit>
									<Name>Status69</Name>
									<Description>Status</Description>
									<BitOffset>0x4</BitOffset> <!--  -->
									<BitWidth>0x20</BitWidth>
									<Access>R</Access>
								</Bit>
							</AssignedBits>
						</Field>
						</Category>
						<Category>
						<Name>OTP70</Name>
						<Field>
							<Parameters address="0x238" name="XK38" size="0x8"/>
							<AssignedBits>
								<Bit>
									<Name>Data70</Name>
									<Description>Data</Description>
									<BitOffset>0x0</BitOffset>
									<BitWidth>0x20</BitWidth>
									<Access>RW</Access>
								</Bit>
								<Bit>
									<Name>Status70</Name>
									<Description>Status</Description>
									<BitOffset>0x4</BitOffset> <!--  -->
									<BitWidth>0x20</BitWidth>
									<Access>R</Access>
								</Bit>
							</AssignedBits>
						</Field>
						</Category>
						<Category>
						<Name>OTP71</Name>
						<Field>
							<Parameters address="0x240" name="XK39" size="0x8"/>
							<AssignedBits>
								<Bit>
									<Name>Data71</Name>
									<Description>Data</Description>
									<BitOffset>0x0</BitOffset>
									<BitWidth>0x20</BitWidth>
									<Access>RW</Access>
								</Bit>
								<Bit>
									<Name>Status71</Name>
									<Description>Status</Description>
									<BitOffset>0x4</BitOffset> <!--  -->
									<BitWidth>0x20</BitWidth>
									<Access>R</Access>
								</Bit>
							</AssignedBits>
						</Field>
						</Category>
						<Category>
						<Name>OTP72</Name>
						<Field>
							<Parameters address="0x248" name="XK40" size="0x8"/>
							<AssignedBits>
								<Bit>
									<Name>Data72</Name>
									<Description>Data</Description>
									<BitOffset>0x0</BitOffset>
									<BitWidth>0x20</BitWidth>
									<Access>RW</Access>
								</Bit>
								<Bit>
									<Name>Status72</Name>
									<Description>Status</Description>
									<BitOffset>0x4</BitOffset> <!--  -->
									<BitWidth>0x20</BitWidth>
									<Access>R</Access>
								</Bit>
							</AssignedBits>
						</Field>
						</Category>
						<Category>
						<Name>OTP73</Name>
						<Field>
							<Parameters address="0x250" name="XK41" size="0x8"/>
							<AssignedBits>
								<Bit>
									<Name>Data73</Name>
									<Description>Data</Description>
									<BitOffset>0x0</BitOffset>
									<BitWidth>0x20</BitWidth>
									<Access>RW</Access>
								</Bit>
								<Bit>
									<Name>Status73</Name>
									<Description>Status</Description>
									<BitOffset>0x4</BitOffset> <!--  -->
									<BitWidth>0x20</BitWidth>
									<Access>R</Access>
								</Bit>
							</AssignedBits>
						</Field>
						</Category>
						<Category>
						<Name>OTP74</Name>
						<Field>
							<Parameters address="0x258" name="XK42" size="0x8"/>
							<AssignedBits>
								<Bit>
									<Name>Data74</Name>
									<Description>Data</Description>
									<BitOffset>0x0</BitOffset>
									<BitWidth>0x20</BitWidth>
									<Access>RW</Access>
								</Bit>
								<Bit>
									<Name>Status74</Name>
									<Description>Status</Description>
									<BitOffset>0x4</BitOffset> <!--  -->
									<BitWidth>0x20</BitWidth>
									<Access>R</Access>
								</Bit>
							</AssignedBits>
						</Field>
						</Category>
						<Category>
						<Name>OTP75</Name>
						<Field>
							<Parameters address="0x260" name="XK43" size="0x8"/>
							<AssignedBits>
								<Bit>
									<Name>Data75</Name>
									<Description>Data</Description>
									<BitOffset>0x0</BitOffset>
									<BitWidth>0x20</BitWidth>
									<Access>RW</Access>
								</Bit>
								<Bit>
									<Name>Status75</Name>
									<Description>Status</Description>
									<BitOffset>0x4</BitOffset> <!--  -->
									<BitWidth>0x20</BitWidth>
									<Access>R</Access>
								</Bit>
							</AssignedBits>
						</Field>
						</Category>
						<Category>
						<Name>OTP76</Name>
						<Field>
							<Parameters address="0x268" name="XK44" size="0x8"/>
							<AssignedBits>
								<Bit>
									<Name>Data76</Name>
									<Description>Data</Description>
									<BitOffset>0x0</BitOffset>
									<BitWidth>0x20</BitWidth>
									<Access>RW</Access>
								</Bit>
								<Bit>
									<Name>Status76</Name>
									<Description>Status</Description>
									<BitOffset>0x4</BitOffset> <!--  -->
									<BitWidth>0x20</BitWidth>
									<Access>R</Access>
								</Bit>
							</AssignedBits>
						</Field>
						</Category>
						<Category>
						<Name>OTP77</Name>
						<Field>
							<Parameters address="0x270" name="XK45" size="0x8"/>
							<AssignedBits>
								<Bit>
									<Name>Data77</Name>
									<Description>Data</Description>
									<BitOffset>0x0</BitOffset>
									<BitWidth>0x20</BitWidth>
									<Access>RW</Access>
								</Bit>
								<Bit>
									<Name>Status77</Name>
									<Description>Status</Description>
									<BitOffset>0x4</BitOffset> <!--  -->
									<BitWidth>0x20</BitWidth>
									<Access>R</Access>
								</Bit>
							</AssignedBits>
						</Field>
						</Category>
						<Category>
						<Name>OTP78</Name>
						<Field>
							<Parameters address="0x278" name="XK46" size="0x8"/>
							<AssignedBits>
								<Bit>
									<Name>Data78</Name>
									<Description>Data</Description>
									<BitOffset>0x0</BitOffset>
									<BitWidth>0x20</BitWidth>
									<Access>RW</Access>
								</Bit>
								<Bit>
									<Name>Status78</Name>
									<Description>Status</Description>
									<BitOffset>0x4</BitOffset> <!--  -->
									<BitWidth>0x20</BitWidth>
									<Access>R</Access>
								</Bit>
							</AssignedBits>
						</Field>
						</Category>
						<Category>
						<Name>OTP79</Name>
						<Field>
							<Parameters address="0x280" name="XK47" size="0x8"/>
							<AssignedBits>
								<Bit>
									<Name>Data79</Name>
									<Description>Data</Description>
									<BitOffset>0x0</BitOffset>
									<BitWidth>0x20</BitWidth>
									<Access>RW</Access>
								</Bit>
								<Bit>
									<Name>Status79</Name>
									<Description>Status</Description>
									<BitOffset>0x4</BitOffset> <!--  -->
									<BitWidth>0x20</BitWidth>
									<Access>R</Access>
								</Bit>
							</AssignedBits>
						</Field>
						</Category>
						<Category>
						<Name>OTP80</Name>
						<Field>
							<Parameters address="0x288" name="XK48" size="0x8"/>
							<AssignedBits>
								<Bit>
									<Name>Data80</Name>
									<Description>Data</Description>
									<BitOffset>0x0</BitOffset>
									<BitWidth>0x20</BitWidth>
									<Access>RW</Access>
								</Bit>
								<Bit>
									<Name>Status80</Name>
									<Description>Status</Description>
									<BitOffset>0x4</BitOffset> <!--  -->
									<BitWidth>0x20</BitWidth>
									<Access>R</Access>
								</Bit>
							</AssignedBits>
						</Field>
						</Category>
						<Category>
						<Name>OTP81</Name>
						<Field>
							<Parameters address="0x290" name="XK49" size="0x8"/>
							<AssignedBits>
								<Bit>
									<Name>Data81</Name>
									<Description>Data</Description>
									<BitOffset>0x0</BitOffset>
									<BitWidth>0x20</BitWidth>
									<Access>RW</Access>
								</Bit>
								<Bit>
									<Name>Status81</Name>
									<Description>Status</Description>
									<BitOffset>0x4</BitOffset> <!--  -->
									<BitWidth>0x20</BitWidth>
									<Access>R</Access>
								</Bit>
							</AssignedBits>
						</Field>
						</Category>
						<Category>
						<Name>OTP82</Name>
						<Field>
							<Parameters address="0x298" name="XK50" size="0x8"/>
							<AssignedBits>
								<Bit>
									<Name>Data82</Name>
									<Description>Data</Description>
									<BitOffset>0x0</BitOffset>
									<BitWidth>0x20</BitWidth>
									<Access>RW</Access>
								</Bit>
								<Bit>
									<Name>Status82</Name>
									<Description>Status</Description>
									<BitOffset>0x4</BitOffset> <!--  -->
									<BitWidth>0x20</BitWidth>
									<Access>R</Access>
								</Bit>
							</AssignedBits>
						</Field>
						</Category>
						<Category>
						<Name>OTP83</Name>
						<Field>
							<Parameters address="0x2A0" name="XK51" size="0x8"/>
							<AssignedBits>
								<Bit>
									<Name>Data83</Name>
									<Description>Data</Description>
									<BitOffset>0x0</BitOffset>
									<BitWidth>0x20</BitWidth>
									<Access>RW</Access>
								</Bit>
								<Bit>
									<Name>Status83</Name>
									<Description>Status</Description>
									<BitOffset>0x4</BitOffset> <!--  -->
									<BitWidth>0x20</BitWidth>
									<Access>R</Access>
								</Bit>
							</AssignedBits>
						</Field>
						</Category>
						<Category>
						<Name>OTP84</Name>
						<Field>
							<Parameters address="0x2A8" name="XK52" size="0x8"/>
							<AssignedBits>
								<Bit>
									<Name>Data84</Name>
									<Description>Data</Description>
									<BitOffset>0x0</BitOffset>
									<BitWidth>0x20</BitWidth>
									<Access>RW</Access>
								</Bit>
								<Bit>
									<Name>Status84</Name>
									<Description>Status</Description>
									<BitOffset>0x4</BitOffset> <!--  -->
									<BitWidth>0x20</BitWidth>
									<Access>R</Access>
								</Bit>
							</AssignedBits>
						</Field>
						</Category>
						<Category>
						<Name>OTP85</Name>
						<Field>
							<Parameters address="0x2B0" name="XK53" size="0x8"/>
							<AssignedBits>
								<Bit>
									<Name>Data85</Name>
									<Description>Data</Description>
									<BitOffset>0x0</BitOffset>
									<BitWidth>0x20</BitWidth>
									<Access>RW</Access>
								</Bit>
								<Bit>
									<Name>Status85</Name>
									<Description>Status</Description>
									<BitOffset>0x4</BitOffset> <!--  -->
									<BitWidth>0x20</BitWidth>
									<Access>R</Access>
								</Bit>
							</AssignedBits>
						</Field>
						</Category>
						<Category>
						<Name>OTP86</Name>
						<Field>
							<Parameters address="0x2B8" name="XK54" size="0x8"/>
							<AssignedBits>
								<Bit>
									<Name>Data86</Name>
									<Description>Data</Description>
									<BitOffset>0x0</BitOffset>
									<BitWidth>0x20</BitWidth>
									<Access>RW</Access>
								</Bit>
								<Bit>
									<Name>Status86</Name>
									<Description>Status</Description>
									<BitOffset>0x4</BitOffset> <!--  -->
									<BitWidth>0x20</BitWidth>
									<Access>R</Access>
								</Bit>
							</AssignedBits>
						</Field>
						</Category>
						<Category>
						<Name>OTP87</Name>
						<Field>
							<Parameters address="0x2C0" name="XK55" size="0x8"/>
							<AssignedBits>
								<Bit>
									<Name>Data87</Name>
									<Description>Data</Description>
									<BitOffset>0x0</BitOffset>
									<BitWidth>0x20</BitWidth>
									<Access>RW</Access>
								</Bit>
								<Bit>
									<Name>Status87</Name>
									<Description>Status</Description>
									<BitOffset>0x4</BitOffset> <!--  -->
									<BitWidth>0x20</BitWidth>
									<Access>R</Access>
								</Bit>
							</AssignedBits>
						</Field>
						</Category>
						<Category>
						<Name>OTP88</Name>
						<Field>
							<Parameters address="0x2C8" name="XK56" size="0x8"/>
							<AssignedBits>
								<Bit>
									<Name>Data88</Name>
									<Description>Data</Description>
									<BitOffset>0x0</BitOffset>
									<BitWidth>0x20</BitWidth>
									<Access>RW</Access>
								</Bit>
								<Bit>
									<Name>Status88</Name>
									<Description>Status</Description>
									<BitOffset>0x4</BitOffset> <!--  -->
									<BitWidth>0x20</BitWidth>
									<Access>R</Access>
								</Bit>
							</AssignedBits>
						</Field>
						</Category>
						<Category>
						<Name>OTP89</Name>
						<Field>
							<Parameters address="0x2D0" name="XK57" size="0x8"/>
							<AssignedBits>
								<Bit>
									<Name>Data89</Name>
									<Description>Data</Description>
									<BitOffset>0x0</BitOffset>
									<BitWidth>0x20</BitWidth>
									<Access>RW</Access>
								</Bit>
								<Bit>
									<Name>Status89</Name>
									<Description>Status</Description>
									<BitOffset>0x4</BitOffset> <!--  -->
									<BitWidth>0x20</BitWidth>
									<Access>R</Access>
								</Bit>
							</AssignedBits>
						</Field>
						</Category>
						<Category>
						<Name>OTP90</Name>
						<Field>
							<Parameters address="0x2D8" name="XK58" size="0x8"/>
							<AssignedBits>
								<Bit>
									<Name>Data90</Name>
									<Description>Data</Description>
									<BitOffset>0x0</BitOffset>
									<BitWidth>0x20</BitWidth>
									<Access>RW</Access>
								</Bit>
								<Bit>
									<Name>Status90</Name>
									<Description>Status</Description>
									<BitOffset>0x4</BitOffset> <!--  -->
									<BitWidth>0x20</BitWidth>
									<Access>R</Access>
								</Bit>
							</AssignedBits>
						</Field>
						</Category>
						<Category>
						<Name>OTP91</Name>
						<Field>
							<Parameters address="0x2E0" name="XK59" size="0x8"/>
							<AssignedBits>
								<Bit>
									<Name>Data91</Name>
									<Description>Data</Description>
									<BitOffset>0x0</BitOffset>
									<BitWidth>0x20</BitWidth>
									<Access>RW</Access>
								</Bit>
								<Bit>
									<Name>Status91</Name>
									<Description>Status</Description>
									<BitOffset>0x4</BitOffset> <!--  -->
									<BitWidth>0x20</BitWidth>
									<Access>R</Access>
								</Bit>
							</AssignedBits>
						</Field>
						</Category>
						<Category>
						<Name>OTP92</Name>
						<Field>
							<Parameters address="0x2E8" name="XK60" size="0x8"/>
							<AssignedBits>
								<Bit>
									<Name>Data92</Name>
									<Description>Data</Description>
									<BitOffset>0x0</BitOffset>
									<BitWidth>0x20</BitWidth>
									<Access>RW</Access>
								</Bit>
								<Bit>
									<Name>Status92</Name>
									<Description>Status</Description>
									<BitOffset>0x4</BitOffset> <!--  -->
									<BitWidth>0x20</BitWidth>
									<Access>R</Access>
								</Bit>
							</AssignedBits>
						</Field>
						</Category>
						<Category>
						<Name>OTP93</Name>
						<Field>
							<Parameters address="0x2F0" name="XK61" size="0x8"/>
							<AssignedBits>
								<Bit>
									<Name>Data93</Name>
									<Description>Data</Description>
									<BitOffset>0x0</BitOffset>
									<BitWidth>0x20</BitWidth>
									<Access>RW</Access>
								</Bit>
								<Bit>
									<Name>Status93</Name>
									<Description>Status</Description>
									<BitOffset>0x4</BitOffset> <!--  -->
									<BitWidth>0x20</BitWidth>
									<Access>R</Access>
								</Bit>
							</AssignedBits>
						</Field>
						</Category>
						<Category>
						<Name>OTP94</Name>
						<Field>
							<Parameters address="0x2F8" name="XK62" size="0x8"/>
							<AssignedBits>
								<Bit>
									<Name>Data94</Name>
									<Description>Data</Description>
									<BitOffset>0x0</BitOffset>
									<BitWidth>0x20</BitWidth>
									<Access>RW</Access>
								</Bit>
								<Bit>
									<Name>Status94</Name>
									<Description>Status</Description>
									<BitOffset>0x4</BitOffset> <!--  -->
									<BitWidth>0x20</BitWidth>
									<Access>R</Access>
								</Bit>
							</AssignedBits>
						</Field>
						</Category>
						<Category>
						<Name>OTP95</Name>
						<Field>
							<Parameters address="0x300" name="XK63" size="0x8"/>
							<AssignedBits>
								<Bit>
									<Name>Data95</Name>
									<Description>Data</Description>
									<BitOffset>0x0</BitOffset>
									<BitWidth>0x20</BitWidth>
									<Access>RW</Access>
								</Bit>
								<Bit>
									<Name>Status95</Name>
									<Description>Status</Description>
									<BitOffset>0x4</BitOffset> <!--  -->
									<BitWidth>0x20</BitWidth>
									<Access>R</Access>
								</Bit>
							</AssignedBits>
						</Field>
						</Category>
				</Bank>
			</Peripheral>
		</Peripherals>
	</Device>
</Root>