{
  "packages": [
    {
      "name": "XCTracerRadio",
      "maintainer": "XCTracer.com",
      "websiteUrl": "https://xctracer.com/",
      "Url": "",
      "email": "xctracer@xctracer.com",
      "platforms": [
        {
          "name": "XCTracer Radio Boards",
          "architecture": "stm32l0",
          "version": "0.1.0",
          "deprecated": false,
          "category": "Contributed",
          "url": "http://localhost/xctracer.zip",
          "archiveFileName": "xctracer.zip",
          "checksum": "MD5:cf8ea7bf3c7c608956ae8229fb66b05b",
          "size": "42913358",
          "boards": [
            {
              "name": "Murata-1SJ-DevBoard"
            }
          ],
          "help": {},
          "toolsDependencies": [
            {
              "packager": "arduino",
              "name": "arm-none-eabi-gcc",
              "version": "4.8.3-2014q1"
            }
          ],
          "discoveryDependencies": [],
          "monitorDependencies": []
        }
      ],
      "tools": [],
      "help": {}
    }
  ],
  "IsTrusted": false
}