<?xml version="1.0" encoding="UTF-8"?>
<Root xmlns:xsi="http://www.w3.org/2001/XMLSchema-instance" xsi:noNamespaceSchemaLocation="SCHVerif.xsd">
<Device>
		<DeviceID>0x492</DeviceID>
		<Vendor>STMicroelectronics</Vendor>
		<Type>MCU</Type>
		<CPU>Cortex-M33</CPU>
		<Name>STM32WBA52/54/55</Name>
		<Series>STM32WBA</Series>
		<Description>ARM 32-bit Cortex-M33 based device</Description>
		<Configurations>
			<!-- JTAG_SWD Interface -->
			<Interface name="JTAG_SWD">
			
				<!-- Added For CPN WBA50 -->
				<Configuration number="0xA">	<!-- 1M non secure TZEN=0x0 --> 
					<CPN  reference="0x0"> <ReadRegister address="0x0BF905D2" mask="0x000000FF" value="0x30"/> </CPN>
				</Configuration>
			
				<Configuration number="0x0">	<!-- 1M non secure TZEN=0x0 -->
					<TZEN reference="0x0"> <ReadRegister address="0x40022040" mask="0x80000000" value="0x0"/> </TZEN>
				</Configuration>
				
				<Configuration number="0x1">	<!-- 1M secure + RDP=0xAA + TZEN=0x1 -->
					<TZEN reference="0x1"> <ReadRegister address="0x40022040" mask="0x80000000" value="0x80000000"/> </TZEN>
					<RDP reference="0x1"> <ReadRegister address="0x40022040" mask="0x000000FF" value="0x000000AA"/> </RDP>
				</Configuration>
				
				<Configuration number="0x3">	<!-- 1M secure + TZEN=0x1 -->
					<TZEN reference="0x1"> <ReadRegister address="0x40022040" mask="0x80000000" value="0x80000000"/> </TZEN>
				</Configuration>	
			</Interface>
			
			<!-- Bootloader Interface -->
			<Interface name="Bootloader">
			
				<!-- Added For CPN WBA50 -->
				<Configuration number="0xB">	<!-- 1M  non Secure-->
					<CPN  reference="0x0"> <ReadRegister address="0x0BF905D2" mask="0x000000FF" value="0x30"/> </CPN>
				</Configuration>
				
				<Configuration number="0x5">	<!-- 1M  non Secure-->
					<TZEN reference="0x0"> <ReadRegister address="0x40022040" mask="0x80000000" value="0x0"/> </TZEN>
				</Configuration>
				
				<Configuration number="0x4">	<!-- 1M Secure-->
					<TZEN reference="0x1"> <ReadRegister address="0x40022040" mask="0x80000000" value="0x80000000"/> </TZEN>
				</Configuration>
				
				
			
			</Interface>
		</Configurations>
		<!-- Peripherals -->
		<Peripherals>
			<!-- Embedded SRAM -->
			<Peripheral>
				<Name>Embedded SRAM</Name>
				<Type>Storage</Type>
				<Description/>
				<ErasedValue>0xFF</ErasedValue>
				<Access>RWE</Access>
				<!-- 128 KB FOR 1M of flash Size --> 
				<Configuration config="0,5,10,11">
					<Parameters address="0x20000000" name="SRAM" size="0x20000"/>
					<Description/>
					<Organization>Single</Organization>
					<Bank name="Bank 1">
						<Field>
							<Parameters address="0x20000000" name="SRAM" occurrence="0x1" size="0x20000"/>
						</Field>
					</Bank>
				</Configuration>
				<Configuration config="1,3,4">
					<Parameters address="0x30000000" name="SRAM" size="0x20000"/>
					<Description/>
					<Organization>Single</Organization>
					<Bank name="Bank 1">
						<Field>
							<Parameters address="0x30000000" name="SRAM" occurrence="0x1" size="0x20000"/>
						</Field>
					</Bank>
				</Configuration>
			</Peripheral>
			<!-- Embedded Flash -->
			<Peripheral>
				<Name>Embedded Flash</Name>
				<Type>Storage</Type>
				<Description>The Flash memory interface manages CPU AHB I-Code and D-Code accesses to the Flash memory. It implements the erase and program Flash memory operations and the read and write protection mechanisms</Description>
				<ErasedValue>0xFF</ErasedValue>
				<Access>RWE</Access>
				<FlashSize address="0xBF907A0" default="0x100000"/>
				<BootloaderVersion address="0x0BF8FEFE"/>
				<ReconnectAfterOB value="1"/>
				<Configuration config="0,1,3,4,5,10,11"> <!-- 1 Mbyte non secure -->
					<Parameters address="0x08000000" name=" 1 Mbyte Embedded Flash" size="0x100000"/>
					<Description/>
					<Organization>Single</Organization>
					<Alignment>0x10</Alignment>
					<Bank name="Bank 1">
						<Field>
							<Parameters address="0x08000000" name="sector0" occurrence="0x80" size="0x2000"/>
						</Field>
					</Bank>
				</Configuration>
			</Peripheral>
			<!-- Data EEPROM -->
			<Peripheral>
				<Name>Data EEPROM</Name>
				<Type>Storage</Type>
				<Description>The Data EEPROM memory block. It contains user data.</Description>
				<ErasedValue>0xFF</ErasedValue>
				<Access>RWE</Access>
				<!-- Dummy Config Just to avoid crash when TZEN=0 -->
				<Configuration config="1,0,3,4,5,10,11">
					<Parameters address="0x0c000000" name=" 1 Mbyte Data EEPROM" size="0x100000"/>
					<Description/>
					<Organization>Single</Organization>
					<Alignment>0x4</Alignment>
					<Bank name="Bank 1">
						<Field>
							<Parameters address="0x0c000000" name="sector0" occurrence="0x80" size="0x2000"/>
						</Field>
					</Bank>
				</Configuration>
			</Peripheral>
			<!-- OTP -->
			<Peripheral>
				<Name>OTP</Name>
				<Type>Storage</Type>
				<Description>The Data OTP memory block. It contains the one time programmable bits.</Description>
				<ErasedValue>0xFF</ErasedValue>
				<Access>RW</Access>
				<!-- 512 Bytes single bank -->
				<Configuration>
					<Parameters address="0x0BF90000" name=" 512 Bytes Data OTP" size="0x200"/>
					<Description/>
					<Organization>Single</Organization>
					<Alignment>0x4</Alignment>
					<Bank name="OTP">
						<Field>
							<Parameters address="0x0BF90000" name="OTP" occurrence="0x1" size="0x200"/>
						</Field>
					</Bank>
				</Configuration>
			</Peripheral>
			<!-- Option Bytes -->
			<Peripheral>
				<Name>Option Bytes</Name>
				<Type>Configuration</Type>
				<Description/>
				<Access>RW</Access>
				<Configuration config="0,10">
				<Bank interface="JTAG_SWD">
						<Parameters address="0x40022040" name="Bank 1" size="0xA0"/>
					<Category>
						<Name>Read Out Protection</Name>
						<Field>
						<Parameters address="0x40022040" name="FLASH_OPTR" size="0x4"/>
							<AssignedBits>
								<Bit>
									<Name>RDP</Name>
									<Description>Read protection option byte. The read protection is used to protect the software code stored in Flash memory.</Description>
									<BitOffset>0x0</BitOffset>
									<BitWidth>0x8</BitWidth>
									<Access>RW</Access>
									<Values>
										<Val value="0xAA">Level 0, no protection</Val>
										<Val value="0xDC">Level 1, read protection of memories</Val>
										<Val value="0xCC">Level 2, chip protection</Val>
									</Values>
								</Bit>
							</AssignedBits>
						</Field>
					</Category>
					<Category>
						<Name>BOR Level</Name>
						<Field>
								<Parameters address="0x40022040" name="FLASH_OPTR" size="0x4"/>
							<AssignedBits>
								<Bit>
									<Name>BOR_LEV</Name>
									<Description>These bits contain the VDD supply level threshold that activates/releases the reset.</Description>
									<BitOffset>0x8</BitOffset>
									<BitWidth>0x3</BitWidth>
									<Access>RW</Access>
									<Values>
										<Val value="0x0">BOR Level 0, reset level threshold is around 1.7 V</Val>
										<Val value="0x1">BOR Level 1, reset level threshold is around 2.0 V</Val>
										<Val value="0x2">BOR Level 2, reset level threshold is around 2.2 V</Val>
										<Val value="0x3">BOR Level 3, reset level threshold is around 2.5 V</Val>
										<Val value="0x4">BOR Level 4, reset level threshold is around 2.8 V</Val>
									</Values>
								</Bit>
							</AssignedBits>
						</Field>
					</Category>
					<Category>
						<Name>User Configuration</Name>
						<Field>
								<Parameters address="0x40022040" name="FLASH_OPTR" size="0x4"/>
							<AssignedBits>
								<Bit>
									<Name>nRST_STOP</Name>
									<Description/>
									<BitOffset>0xC</BitOffset>
									<BitWidth>0x1</BitWidth>
									<Access>RW</Access>
									<Values>
										<Val value="0x0">Reset generated when entering Stop mode</Val>
										<Val value="0x1">No reset generated when entering Stop mode</Val>
									</Values>
								</Bit>
								<Bit>
									<Name>nRST_STDBY</Name>
									<Description/>
									<BitOffset>0xD</BitOffset>
									<BitWidth>0x1</BitWidth>
									<Access>RW</Access>
									<Values>
										<Val value="0x0">Reset generated when entering Standby mode</Val>
										<Val value="0x1">No reset generated when entering Standby mode</Val>
									</Values>
								</Bit>
								<Bit>
									<Name>SRAM1_RST</Name>
									<Description>SRAM1 erase upon system reset</Description>
									<BitOffset>0xF</BitOffset>
									<BitWidth>0x1</BitWidth>
									<Access>RW</Access>
									<Values>
										<Val value="0x0">SRAM1 erased when a system reset occurs</Val>
										<Val value="0x1">SRAM1 not erased when a system reset occurs</Val>
									</Values>
								</Bit>
								<Bit>
									<Name>IWDG_SW</Name>
									<Description/>
									<BitOffset>0x10</BitOffset>
									<BitWidth>0x1</BitWidth>
									<Access>RW</Access>
									<Values>
										<Val value="0x0">Hardware independent watchdog</Val>
										<Val value="0x1">Software independent watchdog</Val>
									</Values>
								</Bit>
								<Bit>
									<Name>IWDG_STOP</Name>
									<Description/>
									<BitOffset>0x11</BitOffset>
									<BitWidth>0x1</BitWidth>
									<Access>RW</Access>
									<Values>
										<Val value="0x0">Freeze IWDG counter in stop mode</Val>
										<Val value="0x1">IWDG counter active in stop mode</Val>
									</Values>
								</Bit>
								<Bit>
									<Name>IWDG_STDBY</Name>
									<Description/>
									<BitOffset>0x12</BitOffset>
									<BitWidth>0x1</BitWidth>
									<Access>RW</Access>
									<Values>
										<Val value="0x0">Freeze IWDG counter in standby mode</Val>
										<Val value="0x1">IWDG counter active in standby mode</Val>
									</Values>
								</Bit>
								<Bit>
									<Name>WWDG_SW</Name>
									<Description/>
									<BitOffset>0x13</BitOffset>
									<BitWidth>0x1</BitWidth>
									<Access>RW</Access>
									<Values>
										<Val value="0x0">Hardware window watchdog</Val>
										<Val value="0x1">Software window watchdog</Val>
									</Values>
								</Bit>
								<Bit>
									<Name>SRAM2_PE</Name>
									<Description>SRAM2 parity check enable </Description>
									<BitOffset>0x18</BitOffset>
									<BitWidth>0x1</BitWidth>
									<Access>RW</Access>
									<Values>
										<Val value="0x0">SRAM2 PE check enabled</Val>
										<Val value="0x1">SRAM2 PE check disabled</Val>
									</Values>
								</Bit>
								<Bit>
									<Name>SRAM2_RST</Name>
									<Description>SRAM2 Erase when system reset</Description>
									<BitOffset>0x19</BitOffset>
									<BitWidth>0x1</BitWidth>
									<Access>RW</Access>
									<Values>
										<Val value="0x0">SRAM2 erased when a system reset occurs</Val>
										<Val value="0x1">SRAM2 is not erased when a system reset occurs</Val>
									</Values>
								</Bit>
								<Bit>
									<Name>nSWBOOT0</Name>
									<Description>Software BOOT0</Description>
									<BitOffset>0x1A</BitOffset>
									<BitWidth>0x1</BitWidth>
									<Access>RW</Access>
									<Values>
										<Val value="0x0">BOOT0 taken from the option bit nBOOT0</Val>
										<Val value="0x1">BOOT0 taken from PH3/BOOT0 pin</Val>
									</Values>
								</Bit>
								<Bit>
									<Name>nBOOT0</Name>
									<Description>nBOOT0 option bit</Description>
									<BitOffset>0x1B</BitOffset>
									<BitWidth>0x1</BitWidth>
									<Access>RW</Access>
									<Values>
										<Val value="0x0">nBOOT0 = 0</Val>
										<Val value="0x1">nBOOT0 = 1</Val>
									</Values>
								</Bit>
								<Bit config="0">
									<Name>TZEN</Name>
									<Description>Global TrustZone security enable</Description>
									<BitOffset>0x1F</BitOffset>
									<BitWidth>0x1</BitWidth>
									<Access>RW</Access>
									<Values>
										<Val value="0x0">Global TrustZone security disabled</Val>
										<Val value="0x1">Global TrustZone security enabled</Val>
									</Values>
								</Bit>
							</AssignedBits>
						</Field>
					</Category>
					<Category>
							<Name>Boot Configuration</Name>
								<Field>
								<Parameters address="0x40022044" name="FLASH_NSBOOTADD0" size="0x4"/>
								<AssignedBits>
								<Bit>
										<Name>NSBOOTADD0</Name>
										<Description>Non-secure Boot base address 0</Description>
										<BitOffset>0x7</BitOffset>
										<BitWidth>0x19</BitWidth>
										<Access>RW</Access>
										<Equation multiplier="0x80" offset="0x0000000"/>
									</Bit>
								</AssignedBits>
								</Field>
							<Field>
								<Parameters address="0x40022048" name="FLASH_NSBOOTADD1" size="0x4"/>
								<AssignedBits>
								<Bit>
										<Name>NSBOOTADD1</Name>
										<Description>Non-secure Boot base address 1</Description>
										<BitOffset>0x7</BitOffset>
										<BitWidth>0x19</BitWidth>
										<Access>RW</Access>
										<Equation multiplier="0x80" offset="0x0000000"/>
									</Bit>
								</AssignedBits>
							</Field>
					</Category>
					<Category>
							<Name>Write Protection</Name>
						<Field>
								<Parameters address="0x40022058" name="FLASH_WRP1AR" size="0x4"/>
							<AssignedBits>
									<Bit config="0,2,10">
										<Name>WRPA_PSTRT</Name>
										<Description>WPR first area &quot;A&quot; start page</Description>
									<BitOffset>0x0</BitOffset>
									<BitWidth>0x7</BitWidth>
									<Access>RW</Access>
									<Equation multiplier="0x2000" offset="0x08000000"/>
								</Bit>
									<Bit config="0,2,10">
										<Name>WRPA_PEND</Name>
										<Description>WPR first area &quot;A&quot; end page</Description>
									<BitOffset>0x10</BitOffset>
									<BitWidth>0x7</BitWidth>
									<Access>RW</Access>
									<Equation multiplier="0x2000" offset="0x08000000"/>
								</Bit>
								<Bit>
									<Name>UNLOCK_A</Name>
									<Description>WPR first area A unlock</Description>
									<BitOffset>0x1F</BitOffset>
									<BitWidth>0x1</BitWidth>
									<Access>RW</Access>
									<Values>
										<Val value="0x0">WRPA start and end pages locked</Val>
										<Val value="0x1">WRPA start and end pages unlocked</Val>
									</Values>
								</Bit>
								</AssignedBits>
							</Field>
							<Field>
								<Parameters address="0x4002205C" name="FLASH_WRPBR" size="0x4"/>
								<AssignedBits>
									<Bit config="0,2,10">
										<Name>WRPB_PSTRT</Name>
										<Description>WPR second area &quot;B&quot; start page</Description>
										<BitOffset>0x0</BitOffset>
										<BitWidth>0x7</BitWidth>
										<Access>RW</Access>
										<Equation multiplier="0x2000" offset="0x08000000"/>
									</Bit>
									<Bit config="0,2,10">
										<Name>WRPB_PEND</Name>
										<Description>WPR second area &quot;B&quot; end page</Description>
										<BitOffset>0x10</BitOffset>
										<BitWidth>0x7</BitWidth>
										<Access>RW</Access>
										<Equation multiplier="0x2000" offset="0x08000000"/>
									</Bit>
								<Bit>
									<Name>UNLOCK_B</Name>
									<Description>WPR second area B unlock</Description>
									<BitOffset>0x1F</BitOffset>
									<BitWidth>0x1</BitWidth>
									<Access>RW</Access>
									<Values>
										<Val value="0x0">WRPB start and end pages locked</Val>
										<Val value="0x1">WRPB start and end pages unlocked</Val>
									</Values>
								</Bit>
							</AssignedBits>
						</Field>
					</Category>
					</Bank>
				</Configuration>
				<Configuration config="1">
					<Bank interface="JTAG_SWD">
						<Parameters address="0x50022040" name="Bank 1" size="0x20"/>
						<Category>
							<Name>Read Out Protection</Name>
							<Field>
								<Parameters address="0x50022040" name="FLASH_OPTR" size="0x4"/>
								<AssignedBits>
									<Bit>
										<Name>RDP</Name>
										<Description>Read protection option byte. The read protection is used to protect the software code stored in Flash memory.</Description>
										<BitOffset>0x0</BitOffset>
										<BitWidth>0x8</BitWidth>
										<Access>RW</Access>
										<Values>
											<Val value="0xAA">Level 0, no protection</Val>
											<Val value="0x55">Level 0.5, read protection not active, only non-secure debug access is possible. Only available when TrustZone is active (TZEN=1)</Val>
											<Val value="0xDC">Level 1, read protection of memories</Val>
											<Val value="0xCC">Level 2, chip protection</Val>
										</Values>
									</Bit>
								</AssignedBits>
							</Field>
						</Category>
						<Category>
							<Name>BOR Level</Name>
							<Field>
								<Parameters address="0x50022040" name="FLASH_OPTR" size="0x4"/>
								<AssignedBits>
									<Bit>
										<Name>BOR_LEV</Name>
										<Description>These bits contain the VDD supply level threshold that activates/releases the reset.</Description>
										<BitOffset>0x8</BitOffset>
										<BitWidth>0x3</BitWidth>
										<Access>RW</Access>
										<Values>
											<Val value="0x0">BOR Level 0, reset level threshold is around 1.7 V</Val>
											<Val value="0x1">BOR Level 1, reset level threshold is around 2.0 V</Val>
											<Val value="0x2">BOR Level 2, reset level threshold is around 2.2 V</Val>
											<Val value="0x3">BOR Level 3, reset level threshold is around 2.5 V</Val>
											<Val value="0x4">BOR Level 4, reset level threshold is around 2.8 V</Val>
										</Values>
									</Bit>
								</AssignedBits>
							</Field>
						</Category>
						<Category>
							<Name>User Configuration</Name>
							<Field>
								<Parameters address="0x50022040" name="FLASH_OPTR" size="0x4"/>
								<AssignedBits>
									<Bit>
										<Name>nRST_STOP</Name>
										<Description/>
										<BitOffset>0xC</BitOffset>
										<BitWidth>0x1</BitWidth>
										<Access>RW</Access>
										<Values>
											<Val value="0x0">Reset generated when entering Stop mode</Val>
											<Val value="0x1">No reset generated when entering Stop mode</Val>
										</Values>
									</Bit>
									<Bit>
										<Name>nRST_STDBY</Name>
										<Description/>
										<BitOffset>0xD</BitOffset>
										<BitWidth>0x1</BitWidth>
										<Access>RW</Access>
										<Values>
											<Val value="0x0">Reset generated when entering Standby mode</Val>
											<Val value="0x1">No reset generated when entering Standby mode</Val>
										</Values>
									</Bit>
									<Bit>
										<Name>SRAM1_RST</Name>
										<Description>SRAM1 erase upon system reset</Description>
										<BitOffset>0xF</BitOffset>
										<BitWidth>0x1</BitWidth>
										<Access>RW</Access>
									<Values>
										<Val value="0x0">SRAM1 erased when a system reset occurs</Val>
										<Val value="0x1">SRAM1 not erased when a system reset occurs</Val>
									</Values>
									</Bit>
									<Bit>
										<Name>IWDG_SW</Name>
										<Description/>
										<BitOffset>0x10</BitOffset>
										<BitWidth>0x1</BitWidth>
										<Access>RW</Access>
										<Values>
											<Val value="0x0">Hardware independent watchdog</Val>
											<Val value="0x1">Software independent watchdog</Val>
										</Values>
									</Bit>
									<Bit>
										<Name>IWDG_STOP</Name>
										<Description/>
										<BitOffset>0x11</BitOffset>
										<BitWidth>0x1</BitWidth>
										<Access>RW</Access>
										<Values>
											<Val value="0x0">Freeze IWDG counter in stop mode</Val>
											<Val value="0x1">IWDG counter active in stop mode</Val>
										</Values>
									</Bit>
									<Bit>
										<Name>IWDG_STDBY</Name>
										<Description/>
										<BitOffset>0x12</BitOffset>
										<BitWidth>0x1</BitWidth>
										<Access>RW</Access>
										<Values>
											<Val value="0x0">Freeze IWDG counter in standby mode</Val>
											<Val value="0x1">IWDG counter active in standby mode</Val>
										</Values>
									</Bit>
									<Bit>
										<Name>WWDG_SW</Name>
										<Description/>
										<BitOffset>0x13</BitOffset>
										<BitWidth>0x1</BitWidth>
										<Access>RW</Access>
										<Values>
											<Val value="0x0">Hardware window watchdog</Val>
											<Val value="0x1">Software window watchdog</Val>
										</Values>
									</Bit>
									<Bit>
										<Name>SRAM2_PE</Name>
										<Description>SRAM2 parity check enable</Description>
										<BitOffset>0x18</BitOffset>
										<BitWidth>0x1</BitWidth>
										<Access>RW</Access>
										<Values>
											<Val value="0x0">SRAM2 parity check enable</Val>
											<Val value="0x1">SRAM2 parity check disable</Val>
										</Values>
									</Bit>
									<Bit>
										<Name>SRAM2_RST</Name>
										<Description>SRAM2 Erase when system reset</Description>
										<BitOffset>0x19</BitOffset>
										<BitWidth>0x1</BitWidth>
										<Access>RW</Access>
										<Values>
											<Val value="0x0">SRAM2 erased when a system reset occurs</Val>
											<Val value="0x1">SRAM2 is not erased when a system reset occurs</Val>
										</Values>
									</Bit>
									<Bit>
										<Name>nSWBOOT0</Name>
										<Description>Software BOOT0</Description>
										<BitOffset>0x1A</BitOffset>
										<BitWidth>0x1</BitWidth>
										<Access>RW</Access>
										<Values>
											<Val value="0x0">BOOT0 taken from the option bit nBOOT0</Val>
											<Val value="0x1">BOOT0 taken from PH3/BOOT0 pin</Val>
										</Values>
									</Bit>
									<Bit>
										<Name>nBOOT0</Name>
										<Description>nBOOT0 option bit</Description>
										<BitOffset>0x1B</BitOffset>
									<BitWidth>0x1</BitWidth>
									<Access>RW</Access>
									<Values>
											<Val value="0x0">nBOOT0 = 0</Val>
											<Val value="0x1">nBOOT0 = 1</Val>
										</Values>
									</Bit>
								<Bit>
									<Name>TZEN</Name>
									<Description>Global TrustZone security enable</Description>
									<BitOffset>0x1F</BitOffset>
									<BitWidth>0x1</BitWidth>
									<Access>RW</Access>
									<Values>
											<Val value="0x0">Global TrustZone security disabled</Val>
											<Val value="0x1">Global TrustZone security enabled</Val>
										</Values>
									</Bit>
								</AssignedBits>
							</Field>
					</Category>
					<Category>
							<Name>Boot Configuration</Name>
							<Field>
								<Parameters address="0x50022044" name="FLASH_NSBOOTADD0" size="0x4"/>
								<AssignedBits>
								<Bit>
										<Name>NSBOOTADD0</Name>
										<Description>Non-secure Boot base address 0</Description>
										<BitOffset>0x7</BitOffset>
										<BitWidth>0x19</BitWidth>
										<Access>RW</Access>
										<Equation multiplier="0x80" offset="0x0000000"/>
									</Bit>
								</AssignedBits>
							</Field>
							<Field>
								<Parameters address="0x50022048" name="FLASH_NSBOOTADD1" size="0x4"/>
								<AssignedBits>
								<Bit>
										<Name>NSBOOTADD1</Name>
										<Description>Non-secure Boot base address 1</Description>
										<BitOffset>0x7</BitOffset>
										<BitWidth>0x19</BitWidth>
										<Access>RW</Access>
										<Equation multiplier="0x80" offset="0x0000000"/>
									</Bit>
								</AssignedBits>
							</Field>
							<Field>
								<Parameters address="0x5002204C" name="FLASH_SECBOOTADD0" size="0x4"/>
								<AssignedBits>
								<Bit>
										<Name>SECBOOTADD0</Name>
										<Description>Secure boot base address 0</Description>
										<BitOffset>0x7</BitOffset>
										<BitWidth>0x19</BitWidth>
										<Access>RW</Access>
										<Equation multiplier="0x80" offset="0x0000000"/>
									</Bit>
								</AssignedBits>
							</Field>
						<Field>
							<Parameters address="0x5002204C" name="BOOT_LOCK" size="0x4"/>
							<AssignedBits>
								<Bit>
									<Name>BOOT_LOCK</Name>
									<Description> The boot is always forced to base address value programmed in SECBOOTADD0</Description>
									<BitOffset>0x0</BitOffset>
									<BitWidth>0x1</BitWidth>
									<Access>RW</Access>
									<Values>
										<Val value="0x0">Boot based on the pad/option bit configuration</Val>
										<Val value="0x1">Boot forced from base address memory</Val>
									</Values>
								</Bit>
							</AssignedBits>
						</Field>
				</Category>
					<Category>
						<Name>Secure Area</Name>
							<Field>
								<Parameters address="0x50022050" name="FLASH_SECWMR1" size="0x4"/>
								<AssignedBits>
									<Bit>
										<Name>SECWM_PSTRT</Name>
										<Description>Start page of secure area</Description>
										<BitOffset>0x0</BitOffset>
										<BitWidth>0x7</BitWidth>
										<Access>RW</Access>
										<Equation multiplier="0x2000" offset="0x08000000"/>
									</Bit>
									<Bit >
										<Name>SECWM_PEND</Name>
										<Description>End page of first secure area</Description>
										<BitOffset>0x10</BitOffset>
										<BitWidth>0x7</BitWidth>
										<Access>RW</Access>
										<Equation multiplier="0x2000" offset="0x08000000"/>
									</Bit>
								</AssignedBits>
							</Field>
							<Field>
									<Parameters address="0x50022054" name="FLASH_SECWMR2" size="0x4"/>
									<AssignedBits>
										<Bit>
											<Name>HDP_PEND</Name>
											<Description>End page of secure hide protection area</Description>
											<BitOffset>0x10</BitOffset>
											<BitWidth>0x7</BitWidth>
											<Access>RW</Access>
											<Equation multiplier="0x2000" offset="0xC001fff"/>
										</Bit>
										<Bit>
											<Name>HDPEN</Name>
											<Description>Secure Hide protection first area enable</Description>
											<BitOffset>0x1F</BitOffset>
											<BitWidth>0x1</BitWidth>
											<Access>RW</Access>
											<Values>
												<Val value="0x0">No secHDP area</Val>
												<Val value="0x1">HDP first area is enabled</Val>
											</Values>
										</Bit>
									</AssignedBits>
							</Field>
						</Category>
						<Category>
							<Name>Write Protection 1</Name>
						<Field>
								<Parameters address="0x50022058" name="FLASH_WRP1AR" size="0x4"/>
							<AssignedBits>
									<Bit>
										<Name>WRPA_PSTRT</Name>
										<Description>WPR first area &quot;A&quot; start page</Description>
									<BitOffset>0x0</BitOffset>
									<BitWidth>0x7</BitWidth>
									<Access>RW</Access>
									<Equation multiplier="0x2000" offset="0x08000000"/>
								</Bit>
									<Bit>
										<Name>WRPA_PEND</Name>
										<Description>WPR first area &quot;A&quot; end page</Description>
									<BitOffset>0x10</BitOffset>
									<BitWidth>0x7</BitWidth>
									<Access>RW</Access>
									<Equation multiplier="0x2000" offset="0x08000000"/>
								</Bit>
								<Bit>
									<Name>UNLOCK_A</Name>
									<Description>WPR first area A unlock</Description>
									<BitOffset>0x1F</BitOffset>
									<BitWidth>0x1</BitWidth>
									<Access>RW</Access>
									<Values>
										<Val value="0x0">WRPA start and end pages locked</Val>
										<Val value="0x1">WRPA start and end pages unlocked</Val>
									</Values>
								</Bit>
								</AssignedBits>
							</Field>
							<Field>
								<Parameters address="0x5002205C" name="FLASH_WRPBR" size="0x4"/>
								<AssignedBits>
									<Bit>
										<Name>WRPB_PSTRT</Name>
										<Description>WPR second area &quot;B&quot; start page</Description>
										<BitOffset>0x0</BitOffset>
										<BitWidth>0x7</BitWidth>
										<Access>RW</Access>
										<Equation multiplier="0x2000" offset="0x08000000"/>
									</Bit>
									<Bit>
										<Name>WRPB_PEND</Name>
										<Description>WPR second area &quot;B&quot; end page</Description>
										<BitOffset>0x10</BitOffset>
										<BitWidth>0x7</BitWidth>
										<Access>RW</Access>
										<Equation multiplier="0x2000" offset="0x08000000"/>
									</Bit>
								<Bit>
									<Name>UNLOCK_B</Name>
									<Description>WPR second area B unlock</Description>
									<BitOffset>0x1F</BitOffset>
									<BitWidth>0x1</BitWidth>
									<Access>RW</Access>
									<Values>
										<Val value="0x0">WRPB start and end pages locked</Val>
										<Val value="0x1">WRPB start and end pages unlocked</Val>
									</Values>
								</Bit>
							</AssignedBits>
						</Field>
					</Category>
				</Bank>
			</Configuration>
			<Configuration config="3">
					<Bank interface="JTAG_SWD">
						<Parameters address="0x40022040" name="Bank 1" size="0x20"/>
						<Category>
							<Name>Read Out Protection</Name>
							<Field>
								<Parameters address="0x40022040" name="FLASH_OPTR" size="0x4"/>
								<AssignedBits>
									<Bit>
										<Name>RDP</Name>
										<Description>Read protection option byte. The read protection is used to protect the software code stored in Flash memory.</Description>
										<BitOffset>0x0</BitOffset>
										<BitWidth>0x8</BitWidth>
										<Access>RW</Access>
										<Values>
											<Val value="0xAA">Level 0, no protection</Val>
											<Val value="0x55">Level 0.5, read protection not active, only non-secure debug access is possible. Only available when TrustZone is active (TZEN=1)</Val>
											<Val value="0xDC">Level 1, read protection of memories</Val>
											<Val value="0xCC">Level 2, chip protection</Val>
										</Values>
									</Bit>
								</AssignedBits>
							</Field>
						</Category>
						<Category>
							<Name>BOR Level</Name>
							<Field>
								<Parameters address="0x40022040" name="FLASH_OPTR" size="0x4"/>
								<AssignedBits>
									<Bit>
										<Name>BOR_LEV</Name>
										<Description>These bits contain the VDD supply level threshold that activates/releases the reset.</Description>
										<BitOffset>0x8</BitOffset>
										<BitWidth>0x3</BitWidth>
										<Access>RW</Access>
										<Values>
											<Val value="0x0">BOR Level 0, reset level threshold is around 1.7 V</Val>
											<Val value="0x1">BOR Level 1, reset level threshold is around 2.0 V</Val>
											<Val value="0x2">BOR Level 2, reset level threshold is around 2.2 V</Val>
											<Val value="0x3">BOR Level 3, reset level threshold is around 2.5 V</Val>
											<Val value="0x4">BOR Level 4, reset level threshold is around 2.8 V</Val>
										</Values>
									</Bit>
								</AssignedBits>
							</Field>
						</Category>
						<Category>
							<Name>User Configuration</Name>
							<Field>
								<Parameters address="0x40022040" name="FLASH_OPTR" size="0x4"/>
								<AssignedBits>
									<Bit>
										<Name>nRST_STOP</Name>
										<Description/>
										<BitOffset>0xC</BitOffset>
										<BitWidth>0x1</BitWidth>
										<Access>RW</Access>
										<Values>
											<Val value="0x0">Reset generated when entering Stop mode</Val>
											<Val value="0x1">No reset generated when entering Stop mode</Val>
										</Values>
									</Bit>
									<Bit>
										<Name>nRST_STDBY</Name>
										<Description/>
										<BitOffset>0xD</BitOffset>
										<BitWidth>0x1</BitWidth>
										<Access>RW</Access>
										<Values>
											<Val value="0x0">Reset generated when entering Standby mode</Val>
											<Val value="0x1">No reset generated when entering Standby mode</Val>
										</Values>
									</Bit>
									<Bit>
										<Name>SRAM1_RST</Name>
										<Description>SRAM1 erase upon system reset</Description>
										<BitOffset>0xF</BitOffset>
										<BitWidth>0x1</BitWidth>
										<Access>RW</Access>
									<Values>
										<Val value="0x0">SRAM1 erased when a system reset occurs</Val>
										<Val value="0x1">SRAM1 not erased when a system reset occurs</Val>
									</Values>
									</Bit>
									<Bit>
										<Name>IWDG_SW</Name>
										<Description/>
										<BitOffset>0x10</BitOffset>
										<BitWidth>0x1</BitWidth>
										<Access>RW</Access>
										<Values>
											<Val value="0x0">Hardware independent watchdog</Val>
											<Val value="0x1">Software independent watchdog</Val>
										</Values>
									</Bit>
									<Bit>
										<Name>IWDG_STOP</Name>
										<Description/>
										<BitOffset>0x11</BitOffset>
										<BitWidth>0x1</BitWidth>
										<Access>RW</Access>
										<Values>
											<Val value="0x0">Freeze IWDG counter in stop mode</Val>
											<Val value="0x1">IWDG counter active in stop mode</Val>
										</Values>
									</Bit>
									<Bit>
										<Name>IWDG_STDBY</Name>
										<Description/>
										<BitOffset>0x12</BitOffset>
										<BitWidth>0x1</BitWidth>
										<Access>RW</Access>
										<Values>
											<Val value="0x0">Freeze IWDG counter in standby mode</Val>
											<Val value="0x1">IWDG counter active in standby mode</Val>
										</Values>
									</Bit>
									<Bit>
										<Name>WWDG_SW</Name>
										<Description/>
										<BitOffset>0x13</BitOffset>
										<BitWidth>0x1</BitWidth>
										<Access>RW</Access>
										<Values>
											<Val value="0x0">Hardware window watchdog</Val>
											<Val value="0x1">Software window watchdog</Val>
										</Values>
									</Bit>
									<Bit>
										<Name>SRAM2_PE</Name>
										<Description>SRAM2 parity check enable</Description>
										<BitOffset>0x18</BitOffset>
										<BitWidth>0x1</BitWidth>
										<Access>RW</Access>
										<Values>
											<Val value="0x0">SRAM2 parity check enable</Val>
											<Val value="0x1">SRAM2 parity check disable</Val>
										</Values>
									</Bit>
									<Bit>
										<Name>SRAM2_RST</Name>
										<Description>SRAM2 Erase when system reset</Description>
										<BitOffset>0x19</BitOffset>
										<BitWidth>0x1</BitWidth>
										<Access>RW</Access>
										<Values>
											<Val value="0x0">SRAM2 erased when a system reset occurs</Val>
											<Val value="0x1">SRAM2 is not erased when a system reset occurs</Val>
										</Values>
									</Bit>
									<Bit>
										<Name>nSWBOOT0</Name>
										<Description>Software BOOT0</Description>
										<BitOffset>0x1A</BitOffset>
										<BitWidth>0x1</BitWidth>
										<Access>RW</Access>
										<Values>
											<Val value="0x0">BOOT0 taken from the option bit nBOOT0</Val>
											<Val value="0x1">BOOT0 taken from PH3/BOOT0 pin</Val>
										</Values>
									</Bit>
									<Bit>
										<Name>nBOOT0</Name>
										<Description>nBOOT0 option bit</Description>
										<BitOffset>0x1B</BitOffset>
									<BitWidth>0x1</BitWidth>
									<Access>RW</Access>
									<Values>
											<Val value="0x0">nBOOT0 = 0</Val>
											<Val value="0x1">nBOOT0 = 1</Val>
									</Values>
									</Bit>
								<Bit>
									<Name>TZEN</Name>
									<Description>Global TrustZone security enable</Description>
									<BitOffset>0x1F</BitOffset>
									<BitWidth>0x1</BitWidth>
									<Access>RW</Access>
									<Values>
											<Val value="0x0">Global TrustZone security disabled</Val>
											<Val value="0x1">Global TrustZone security enabled</Val>
										</Values>
									</Bit>
								</AssignedBits>
							</Field>
							</Category>
							<Category>
							<Name>Boot Configuration</Name>
								<Field>
								<Parameters address="0x40022044" name="FLASH_NSBOOTADD0" size="0x4"/>
								<AssignedBits>
								<Bit>
										<Name>NSBOOTADD0</Name>
										<Description>Non-secure Boot base address 0</Description>
										<BitOffset>0x7</BitOffset>
										<BitWidth>0x19</BitWidth>
										<Access>RW</Access>
										<Equation multiplier="0x80" offset="0x0000000"/>
									</Bit>
								</AssignedBits>
								</Field>
							<Field>
								<Parameters address="0x40022048" name="FLASH_NSBOOTADD1" size="0x4"/>
								<AssignedBits>
								<Bit>
										<Name>NSBOOTADD1</Name>
										<Description>Non-secure Boot base address 1</Description>
										<BitOffset>0x7</BitOffset>
										<BitWidth>0x19</BitWidth>
										<Access>RW</Access>
										<Equation multiplier="0x80" offset="0x0000000"/>
									</Bit>
								</AssignedBits>
							</Field>
							<Field>
								<Parameters address="0x4002204C" name="FLASH_SECBOOTADD0" size="0x4"/>
								<AssignedBits>
								<Bit>
										<Name>SECBOOTADD0</Name>
										<Description>Secure boot base address 0</Description>
										<BitOffset>0x7</BitOffset>
										<BitWidth>0x19</BitWidth>
										<Access>RW</Access>
										<Equation multiplier="0x80" offset="0x0000000"/>
									</Bit>
								</AssignedBits>
							</Field>
							<Field>
							<Parameters address="0x4002204C" name="BOOT_LOCK" size="0x4"/>
							<AssignedBits>
								<Bit>
									<Name>BOOT_LOCK</Name>
									<Description> The boot is always forced to base address value programmed in SECBOOTADD0</Description>
									<BitOffset>0x0</BitOffset>
									<BitWidth>0x1</BitWidth>
									<Access>RW</Access>
									<Values>
										<Val value="0x0">Boot based on the pad/option bit configuration</Val>
										<Val value="0x1">Boot forced from base address memory</Val>
									</Values>
								</Bit>
							</AssignedBits>
						</Field>
					</Category>
					<Category>
						<Name>Secure Area </Name>
							<Field>
								<Parameters address="0x40022050" name="FLASH_SECWMR1" size="0x4"/>
								<AssignedBits>
									<Bit config="3">
										<Name>SECWM_PSTRT</Name>
										<Description>Start page of first secure area</Description>
										<BitOffset>0x0</BitOffset>
										<BitWidth>0x7</BitWidth>
										<Access>RW</Access>
										<Equation multiplier="0x2000" offset="0x08000000"/>
									</Bit>
									<Bit config="3">
										<Name>SECWM_PEND</Name>
										<Description>End page of first secure area</Description>
										<BitOffset>0x10</BitOffset>
										<BitWidth>0x7</BitWidth>
										<Access>RW</Access>
										<Equation multiplier="0x2000" offset="0x08000000"/>
									</Bit>
								</AssignedBits>
							</Field>
							<Field>
									<Parameters address="0x40022054" name="FLASH_SECWMR2" size="0x4"/>
									<AssignedBits>
										<Bit config="3">
											<Name>HDP_PEND</Name>
											<Description>End page of secure hide protection area</Description>
											<BitOffset>0x10</BitOffset>
											<BitWidth>0x7</BitWidth>
											<Access>RW</Access>
											<Equation multiplier="0x2000" offset="0xC001fff"/>
										</Bit>
										<Bit>
											<Name>HDPEN</Name>
											<Description>Secure Hide protection  area enable</Description>
											<BitOffset>0x1F</BitOffset>
											<BitWidth>0x1</BitWidth>
											<Access>RW</Access>
											<Values>
												<Val value="0x0">No HDP area 1</Val>
												<Val value="0x1">HDP first area is enabled</Val>
											</Values>
										</Bit>
									</AssignedBits>
							</Field>
						</Category>
						<Category>
							<Name>Write Protection </Name>
						<Field>
							<Parameters address="0x40022058" name="FLASH_WRPAR" size="0x4"/>
							<AssignedBits>
								<Bit config="3">
									<Name>WRPA_PSTRT</Name>
									<Description>WPR area A &quot;A&quot; start page</Description>
									<BitOffset>0x0</BitOffset>
									<BitWidth>0x7</BitWidth>
									<Access>RW</Access>
									<Equation multiplier="0x2000" offset="0x08000000"/>
								</Bit>
								<Bit config="3">
									<Name>WRPA_PEND</Name>
									<Description>WPR area A &quot;A&quot; end page</Description>
									<BitOffset>0x10</BitOffset>
									<BitWidth>0x7</BitWidth>
									<Access>RW</Access>
									<Equation multiplier="0x2000" offset="0x08000000"/>
								</Bit>
								<Bit>
									<Name>UNLOCK_A</Name>
									<Description>WPR area A unlock</Description>
									<BitOffset>0x1F</BitOffset>
									<BitWidth>0x1</BitWidth>
									<Access>RW</Access>
									<Values>
										<Val value="0x0">WRP1A start and end pages locked</Val>
										<Val value="0x1">WRP1A start and end pages unlocked</Val>
									</Values>
								</Bit>
							</AssignedBits>
						</Field>
						<Field>
							<Parameters address="0x4002205C" name="FLASH_WRPBR" size="0x4"/>
							<AssignedBits>
								<Bit config="3">
									<Name>WRPB_PSTRT</Name>
									<Description>WPR area B &quot;B&quot; start page</Description>
									<BitOffset>0x0</BitOffset>
									<BitWidth>0x7</BitWidth>
									<Access>RW</Access>
									<Equation multiplier="0x2000" offset="0x08000000"/>
								</Bit>
								<Bit config="3">
									<Name>WRPB_PEND</Name>
									<Description>WPR area B &quot;B&quot; end page</Description>
									<BitOffset>0x10</BitOffset>
									<BitWidth>0x7</BitWidth>
									<Access>RW</Access>
									<Equation multiplier="0x2000" offset="0x08000000"/>
								</Bit>
								<Bit>
									<Name>UNLOCK_B</Name>
									<Description>WPR area B unlock</Description>
									<BitOffset>0x1F</BitOffset>
									<BitWidth>0x1</BitWidth>
									<Access>RW</Access>
									<Values>
										<Val value="0x0">WRPB start and end pages locked</Val>
										<Val value="0x1">WRPB start and end pages unlocked</Val>
									</Values>
								</Bit>
							</AssignedBits>
						</Field>
					</Category>
				</Bank>
			</Configuration>
			<Configuration config="5,4,11">
				<Bank interface="Bootloader" name="OB">
                    <Parameters address="0x40022040" name="Bank 1" size="0x20"/>
                    <Category>
						<Name>Read Out Protection</Name>
						<Field>
							<Parameters address="0x40022040" name="FLASH_OPTR" size="0x4"/>
							<AssignedBits>
								<Bit config="5,11">
									<Name>RDP</Name>
									<Description>Read protection option byte. The read protection is used to protect the software code stored in Flash memory.</Description>
									<BitOffset>0x0</BitOffset>
									<BitWidth>0x8</BitWidth>
									<Access>RW</Access>
									<Values>
										<Val value="0xAA">Level 0, no protection</Val>
										<Val value="0xDC">Level 1, read protection of memories</Val>
										<Val value="0xCC">Level 2, chip protection</Val>
									</Values>
								</Bit>
								<Bit config="4">
									<Name>RDP</Name>
									<Description>Read protection option byte. The read protection is used to protect the software code stored in Flash memory.</Description>
									<BitOffset>0x0</BitOffset>
									<BitWidth>0x8</BitWidth>
									<Access>RW</Access>
									<Values>
										<Val value="0xAA">Level 0, no protection</Val>
										<Val value="0x55">Level 0.5, read protection not active, only non-secure debug access is possible. Only available when TrustZone is active (TZEN=1)</Val>
										<Val value="0xDC">Level 1, read protection of memories</Val>
										<Val value="0xCC">Level 2, chip protection</Val>
									</Values>
								</Bit>
							</AssignedBits>
						</Field>
					</Category>
					<Category>
						<Name>BOR Level</Name>
						<Field>
							<Parameters address="0x40022040" name="FLASH_OPTR" size="0x4"/>
							<AssignedBits>
								<Bit>
									<Name>BOR_LEV</Name>
									<Description>These bits contain the supply level threshold that activates/releases the reset. They can be written to program a new BOR level value into Flash memory</Description>
									<BitOffset>0x8</BitOffset>
									<BitWidth>0x3</BitWidth>
									<Access>RW</Access>
									<Values>
										<Val value="0x0">BOR Level 0, reset level threshold is around 1.7 V</Val>
										<Val value="0x1">BOR Level 1, reset level threshold is around 2.0 V</Val>
										<Val value="0x2">BOR Level 2, reset level threshold is around 2.2 V</Val>
										<Val value="0x3">BOR Level 3, reset level threshold is around 2.5 V</Val>
										<Val value="0x4">BOR Level 4, reset level threshold is around 2.8 V</Val>
									</Values>
								</Bit>
							</AssignedBits>
						</Field>
					</Category>
					<Category>
						<Name>User Configuration</Name>
						<Field>
							<Parameters address="0x40022040" name="FLASH_OPTR" size="0x4"/>
							<AssignedBits>
								<Bit>
									<Name>nRST_STOP</Name>
									<Description/>
									<BitOffset>0xC</BitOffset>
									<BitWidth>0x1</BitWidth>
									<Access>RW</Access>
									<Values>
										<Val value="0x0">Reset generated when entering Stop mode</Val>
										<Val value="0x1">No reset generated when entering Stop mode</Val>
									</Values>
								</Bit>
								<Bit>
									<Name>nRST_STDBY</Name>
									<Description/>
									<BitOffset>0xD</BitOffset>
									<BitWidth>0x1</BitWidth>
									<Access>RW</Access>
									<Values>
										<Val value="0x0">Reset generated when entering Standby mode</Val>
										<Val value="0x1">No reset generated when entering Standby mode</Val>
									</Values>
								</Bit>
								<Bit>
									<Name>SRAM1_RST</Name>
									<Description>SRAM1 erase upon system reset</Description>
									<BitOffset>0xF</BitOffset>
									<BitWidth>0x1</BitWidth>
									<Access>RW</Access>
									<Values>
										<Val value="0x0">SRAM1 erased when a system reset occurs</Val>
										<Val value="0x1">SRAM1 not erased when a system reset occurs</Val>
									</Values>
								</Bit>
								<Bit>
									<Name>IWDG_SW</Name>
									<Description/>
									<BitOffset>0x10</BitOffset>
									<BitWidth>0x1</BitWidth>
									<Access>RW</Access>
									<Values>
										<Val value="0x0">Hardware independent watchdog</Val>
										<Val value="0x1">Software independent watchdog</Val>
									</Values>
								</Bit>
								<Bit>
									<Name>IWDG_STOP</Name>
									<Description/>
									<BitOffset>0x11</BitOffset>
									<BitWidth>0x1</BitWidth>
									<Access>RW</Access>
									<Values>
										<Val value="0x0">Freeze IWDG counter in stop mode</Val>
										<Val value="0x1">IWDG counter active in stop mode</Val>
									</Values>
								</Bit>
								<Bit>
									<Name>IWDG_STDBY</Name>
									<Description/>
									<BitOffset>0x12</BitOffset>
									<BitWidth>0x1</BitWidth>
									<Access>RW</Access>
									<Values>
										<Val value="0x0">Freeze IWDG counter in standby mode</Val>
										<Val value="0x1">IWDG counter active in standby mode</Val>
									</Values>
								</Bit>
								<Bit>
									<Name>WWDG_SW</Name>
									<Description/>
									<BitOffset>0x13</BitOffset>
									<BitWidth>0x1</BitWidth>
									<Access>RW</Access>
									<Values>
										<Val value="0x0">Hardware window watchdog</Val>
										<Val value="0x1">Software window watchdog</Val>
									</Values>
								</Bit>
								<Bit>
									<Name>SRAM2_PE</Name>
									<Description>SRAM2 parity check enable</Description>
									<BitOffset>0x18</BitOffset>
									<BitWidth>0x1</BitWidth>
									<Access>RW</Access>
									<Values>
										<Val value="0x0">SRAM2 parity check enable</Val>
										<Val value="0x1">SRAM2 parity check disable</Val>
									</Values>
								</Bit>
								<Bit>
									<Name>SRAM2_RST</Name>
									<Description>SRAM2 Erase when system reset</Description>
									<BitOffset>0x19</BitOffset>
									<BitWidth>0x1</BitWidth>
									<Access>RW</Access>
									<Values>
										<Val value="0x0">SRAM2 erased when a system reset occurs</Val>
										<Val value="0x1">SRAM2 is not erased when a system reset occurs</Val>
									</Values>
								</Bit>
								<Bit>
									<Name>nSWBOOT0</Name>
									<Description>Software BOOT0</Description>
									<BitOffset>0x1A</BitOffset>
									<BitWidth>0x1</BitWidth>
									<Access>RW</Access>
									<Values>
										<Val value="0x0">BOOT0 taken from the option bit nBOOT0</Val>
										<Val value="0x1">BOOT0 taken from PH3/BOOT0 pin</Val>
									</Values>
								</Bit>
								<Bit>
									<Name>nBOOT0</Name>
									<Description>nBOOT0 option bit</Description>
									<BitOffset>0x1B</BitOffset>
									<BitWidth>0x1</BitWidth>
									<Access>RW</Access>
									<Values>
										<Val value="0x0">nBOOT0 = 0</Val>
										<Val value="0x1">nBOOT0 = 1</Val>
									</Values>
								</Bit>
								<Bit config="4,5">
									<Name>TZEN</Name>
									<Description>Global TrustZone security enable</Description>
									<BitOffset>0x1F</BitOffset>
									<BitWidth>0x1</BitWidth>
									<Access>RW</Access>
									<Values>
										<Val value="0x0">Global TrustZone security disabled</Val>
										<Val value="0x1">Global TrustZone security enabled</Val>
									</Values>
								</Bit>
								</AssignedBits>
						</Field>
					</Category>
					<Category>
						<Name>Boot Configuration</Name>													
							<Field>
								<Parameters address="0x40022044" name="FLASH_NSBOOTADD0" size="0x4"/>
								<AssignedBits>
									<Bit>
										<Name>NSBOOTADD0</Name>
										<Description>Non-secure Boot base address 0</Description>
										<BitOffset>0x7</BitOffset>
										<BitWidth>0x19</BitWidth>
										<Access>RW</Access>
											<Equation multiplier="0x80" offset="0x0000000"/>
									</Bit>
								</AssignedBits>
							</Field>
							<Field>
								<Parameters address="0x40022048" name="FLASH_NSBOOTADD1" size="0x4"/>
								<AssignedBits>
									<Bit>
										<Name>NSBOOTADD1</Name>
										<Description>Non-secure Boot base address 1</Description>
										<BitOffset>0x7</BitOffset>
										<BitWidth>0x19</BitWidth>
										<Access>RW</Access>
											<Equation multiplier="0x80" offset="0x0000000"/>
									</Bit>
								</AssignedBits>
							</Field>
							<Field>
								<Parameters address="0x4002204C" name="FLASH_SECBOOTADD0" size="0x4"/>
								<AssignedBits>
									<Bit>
										<Name>SECBOOTADD0</Name>
										<Description>Secure boot base address 0</Description>
										<BitOffset>0x7</BitOffset>
										<BitWidth>0x19</BitWidth>
										<Access>RW</Access>
											<Equation multiplier="0x80" offset="0x0000000"/>
									</Bit>
								</AssignedBits>
							</Field>
						<Field>
							<Parameters address="0x4002204C" name="BOOT_LOCK" size="0x4"/>
							<AssignedBits>
								<Bit>
									<Name>BOOT_LOCK</Name>
									<Description> The boot is always forced to base address value programmed in SECBOOTADD0</Description>
									<BitOffset>0x0</BitOffset>
									<BitWidth>0x1</BitWidth>
									<Access>RW</Access>
									<Values>
										<Val value="0x0">Boot based on the pad/option bit configuration</Val>
										<Val value="0x1">Boot forced from base address memory</Val>
									</Values>
								</Bit>
							</AssignedBits>
						</Field>
					</Category>
					<Category>
						<Name>Secure Area </Name>
						<Field>
							<Parameters address="0x40022050" name="FLASH_SECWM1R1" size="0x4"/>
							<AssignedBits>
								<Bit config="4">
									<Name>SECWM_PSTRT</Name>
									<Description>Start page of first secure area</Description>
									<BitOffset>0x0</BitOffset>
									<BitWidth>0x7</BitWidth>
									<Access>RW</Access>
										<Equation multiplier="0x2000" offset="0x08000000"/>
								</Bit>
								<Bit config="4">
									<Name>SECWM_PEND</Name>
									<Description>End page of first secure area</Description>
									<BitOffset>0x10</BitOffset>
									<BitWidth>0x7</BitWidth>
									<Access>RW</Access>
										<Equation multiplier="0x2000" offset="0x08000000"/>
								</Bit>
							</AssignedBits>
						</Field>
						<Field>
							<Parameters address="0x40022054" name="FLASH_SECWMR2" size="0x4"/>
								<AssignedBits>
									<Bit config="4">
										<Name>HDP_PEND</Name>
										<Description>End page of secure hide protection area</Description>
										<BitOffset>0x10</BitOffset>
										<BitWidth>0x7</BitWidth>
										<Access>RW</Access>
										<Equation multiplier="0x2000" offset="0xC001fff"/>
									</Bit>
									<Bit config="4">
										<Name>HDPEN</Name>
										<Description>Secure Hide protection  area enable</Description>
										<BitOffset>0x1F</BitOffset>
										<BitWidth>0x1</BitWidth>
										<Access>RW</Access>
										<Values>
											<Val value="0x0">No HDP area 1</Val>
											<Val value="0x1">HDP first area is enabled</Val>
										</Values>
									</Bit>
								</AssignedBits>
						</Field>
					</Category>
					<Category>
						<Name>Write Protection </Name>
						<Field>
							<Parameters address="0x40022058" name="FLASH_WRP1AR" size="0x4"/>
							<AssignedBits>
								<Bit config="4,5,11">
									<Name>WRP1A_PSTRT</Name>
									<Description>Bank 1 WPR first area &quot;A&quot; start page</Description>
									<BitOffset>0x0</BitOffset>
									<BitWidth>0x7</BitWidth>
									<Access>RW</Access>
										<Equation multiplier="0x2000" offset="0x08000000"/>
								</Bit>
								<Bit config="4,5,11">
									<Name>WRP1A_PEND</Name>
									<Description>Bank 1 WPR first area &quot;A&quot; end page</Description>
									<BitOffset>0x10</BitOffset>
									<BitWidth>0x7</BitWidth>
									<Access>RW</Access>
										<Equation multiplier="0x2000" offset="0x08000000"/>
								</Bit>
								<Bit>
									<Name>UNLOCK_1A</Name>
									<Description>Bank 1 WPR first area A unlock</Description>
									<BitOffset>0x1F</BitOffset>
									<BitWidth>0x1</BitWidth>
									<Access>RW</Access>
									<Values>
										<Val value="0x0">WRP1A start and end pages locked</Val>
										<Val value="0x1">WRP1A start and end pages unlocked</Val>
									</Values>
								</Bit>
							</AssignedBits>
						</Field>
						<Field>
							<Parameters address="0x4002205C" name="FLASH_WRP1BR" size="0x4"/>
							<AssignedBits>
								<Bit config="4,5,11">
									<Name>WRP1B_PSTRT</Name>
									<Description>Bank 1 WPR first area &quot;B&quot; start page</Description>
									<BitOffset>0x0</BitOffset>
									<BitWidth>0x7</BitWidth>
									<Access>RW</Access>
										<Equation multiplier="0x2000" offset="0x08000000"/>
								</Bit>
								<Bit config="4,5,11">
									<Name>WRP1B_PEND</Name>
									<Description>Bank 1 WPR first area &quot;B&quot; end page</Description>
									<BitOffset>0x10</BitOffset>
									<BitWidth>0x7</BitWidth>
									<Access>RW</Access>
										<Equation multiplier="0x2000" offset="0x08000000"/>
								</Bit>
								<Bit>
									<Name>UNLOCK_1B</Name>
									<Description>Bank 1 WPR second area B unlock</Description>
									<BitOffset>0x1F</BitOffset>
									<BitWidth>0x1</BitWidth>
									<Access>RW</Access>
									<Values>
										<Val value="0x0">WRP1B start and end pages locked</Val>
										<Val value="0x1">WRP1B start and end pages unlocked</Val>
									</Values>
								</Bit>
							</AssignedBits>
						</Field>
					</Category>
				</Bank>
				<Bank interface="Bootloader" name="SetOEM1">
					<Parameters address="0x40022070" name="Bank 2" size="0x8"/>
					<Category>
						<Name>RDP Level 1 Password</Name>
						<Field>
							<Parameters address="0x40022070" name="OEM1KEYR1" size="0x4"/>
							<AssignedBits>
							<Bit>
								<Name>OEM1KEYR1</Name>
								<Description>OEM1 least significant bytes key</Description>
								<BitOffset>0x0</BitOffset>
								<BitWidth>0x20</BitWidth>
								<Access>RW</Access>
								<Equation multiplier="0" offset="0x00000000"/>
							</Bit>
							</AssignedBits>
						</Field>
						<Field>
							<Parameters address="0x40022074" name="OEM1KEYR2" size="0x4"/>
							<AssignedBits>
							<Bit>
								<Name>OEM1KEYR2</Name>
								<Description>OEM1 most significant bytes key</Description>
								<BitOffset>0x0</BitOffset>
								<BitWidth>0x20</BitWidth>
								<Access>RW</Access>
								<Equation multiplier="0" offset="0x00000000"/>
							</Bit>
							</AssignedBits>
						</Field>
					</Category>
				</Bank>
				<Bank interface="Bootloader" name="SetOEM2">
					<Parameters address="0x40022078" name="Bank 3" size="0x8"/>
					<Category>
						<Name>RDP Level 2 Password </Name>
						<Field>
							<Parameters address="0x40022078" name="OEM2KEYR1" size="0x4"/>
							<AssignedBits>
							<Bit>
								<Name>OEM2KEYR1</Name>
								<Description>OEM2 least significant bytes key</Description>
								<BitOffset>0x0</BitOffset>
								<BitWidth>0x20</BitWidth>
								<Access>RW</Access>
								<Equation multiplier="0" offset="0x00000000"/>
							</Bit>
							</AssignedBits>
						</Field>
						<Field>
							<Parameters address="0x4002207C" name="OEM2KEYR2" size="0x4"/>
							<AssignedBits>
							<Bit>
								<Name>OEM2KEYR2</Name>
								<Description>OEM2 most significant bytes key</Description>
								<BitOffset>0x0</BitOffset>
								<BitWidth>0x20</BitWidth>
								<Access>RW</Access>
								<Equation multiplier="0" offset="0x00000000"/>
							</Bit>
							</AssignedBits>
						</Field>
					</Category>
				</Bank>
			</Configuration>
			</Peripheral>
		</Peripherals>
	</Device>
</Root>